"ID","Runde","Dato","Tid","Hjemmehold","Udehold","Hjemmeholdsmål","Udeholdsmål","Tilskuere","Ugedag","Superliga/1.Division","Form","Ferieuger","Modstander Type","Dagtype","Tid på dagen","Populær kanal","Temperatur","Vindhastighed","Fugtighed","Synlighed","Nedbør sidste time","Fugtighed den sidste time","Helligd.","indbyggertal"
2,1,"2007-07-18",18:00:00,"Randers FC","Viborg FF","2","0",5851,"Ons",1,0,1,2,0,1,1,20.3,9.3,61,30000,0,60,0,90518
6,2,"2007-07-22",14:00:00,"Viborg FF","Esbjerg fB","0","5",3164,"Søn",1,0,1,2,2,0,1,18,1,76,20000,0,77,0,90518
12,3,"2007-07-28",17:00:00,"FC København","Viborg FF","3","1",12337,"Lør",1,0,1,2,1,1,1,18.7,9.8,53,30000,0,60,0,90518
21,4,"2007-08-05",16:00:00,"FC Midtjylland","Viborg FF","1","0",7688,"Søn",1,0,0,2,2,1,0,25.6,5.1,51,25000,0,52,0,90518
30,5,"2007-08-13",19:00:00,"Viborg FF","Brøndby IF","1","1",6984,"Man",1,0,0,0,0,2,1,18.3,5.1,75,12000,0.2,74,0,90518
33,6,"2007-08-19",16:00:00,"Viborg FF","AC Horsens","2","1",4259,"Søn",1,0,0,2,2,1,0,21.1,4.1,51,30000,0,51,0,90518
40,7,"2007-08-26",16:00:00,"FC Nordsjælland","Viborg FF","4","0",3114,"Søn",1,1,0,2,2,1,0,16.5,10.3,57,25000,0,61,0,90518
43,8,"2007-09-01",17:00:00,"Viborg FF","AGF","2","0",4563,"Lør",1,1,0,1,1,1,1,15.9,5.1,68,20000,0,72,0,90518
51,9,"2007-09-16",16:00:00,"Viborg FF","Lyngby BK","2","1",4438,"Søn",1,1,0,2,2,1,0,17,8.8,71,10000,0,71,0,90518
60,10,"2007-09-24",19:00:00,"Odense Boldklub","Viborg FF","4","0",7348,"Man",1,1,0,2,0,2,1,19.7,5.7,68,25000,0,67,0,90518
62,11,"2007-09-30",14:00:00,"Aalborg BK","Viborg FF","3","2",7001,"Søn",1,1,0,2,2,0,1,13.4,5.1,84,20000,0,85,0,90518
67,12,"2007-10-06",17:00:00,"Viborg FF","Brøndby IF","1","2",6655,"Lør",1,1,0,0,1,1,1,13.7,0.5,68,30000,0,72,0,90518
76,13,"2007-10-21",16:00:00,"Lyngby BK","Viborg FF","2","0",1846,"Søn",1,1,1,2,2,1,0,10,1.5,62,20000,0,65,0,90518
80,14,"2007-10-28",14:00:00,"FC Midtjylland","Viborg FF","2","1",9750,"Søn",1,0,0,2,2,0,1,9.2,7.2,92,1600,0.2,91,0,90518
90,15,"2007-11-05",19:00:00,"Viborg FF","Odense Boldklub","0","2",3059,"Man",1,0,0,2,0,2,1,9.2,4.6,76,20000,0,76,0,90518
96,16,"2007-11-12",19:00:00,"Viborg FF","AGF","0","2",4610,"Man",1,0,0,1,0,2,1,5.4,6.2,69,25000,0,68,0,90518
100,17,"2007-11-25",16:00:00,"AC Horsens","Viborg FF","1","1",2881,"Søn",1,0,0,2,2,1,0,6,11.8,67,10000,0,71,0,90518
103,18,"2007-12-01",17:00:00,"Randers FC","Viborg FF","0","2",3865,"Lør",1,0,0,2,1,1,1,7.2,9.3,87,8000,0.2,84,0,90518
112,19,"2008-03-16",16:00:00,"Viborg FF","Esbjerg fB","0","4",4472,"Søn",1,1,0,2,2,1,0,5,2.1,79,3000,0,81,1,92084
118,20,"2008-03-20",16:00:00,"Viborg FF","FC Nordsjælland","2","3",2952,"Tor",1,1,0,2,0,1,0,4.5,4.1,63,3000,0,60,1,92084
123,21,"2008-03-23",16:00:00,"Aalborg BK","Viborg FF","2","0",4729,"Søn",1,1,0,2,2,1,0,-1.1,7.2,81,3000,0,81,1,92084
123,21,"2008-03-23",16:00:00,"Aalborg BK","Viborg FF","2","0",4729,"Søn",1,1,0,2,2,1,0,-1.1,7.2,81,3000,0,81,1,92084
131,22,"2008-03-31",19:00:00,"Viborg FF","FC København","2","3",5314,"Man",1,1,0,0,0,2,1,8.6,1,85,3000,0.2,86,0,92084
138,23,"2008-04-07",19:00:00,"AGF","Viborg FF","0","0",14077,"Man",1,0,0,2,0,2,1,6.7,2.6,53,3000,0,55,0,92266
144,24,"2008-04-14",19:00:00,"Viborg FF","AC Horsens","1","3",3671,"Man",1,0,0,2,0,2,1,8.5,3.1,59,3000,0,61,0,92266
147,25,"2008-04-20",16:00:00,"Viborg FF","FC Midtjylland","1","1",4742,"Søn",1,0,0,0,2,1,1,13.9,4.1,39,3000,0,39,0,92266
151,26,"2008-04-23",18:00:00,"Odense Boldklub","Viborg FF","1","0",6334,"Ons",1,0,0,2,0,1,1,13.4,5.1,29,3000,0,31,0,92266
159,27,"2008-04-27",16:00:00,"FC Nordsjælland","Viborg FF","5","3",2787,"Søn",1,0,0,2,2,1,0,18.4,5.7,50,3000,0,51,0,92266
167,28,"2008-05-04",18:00:00,"Viborg FF","Aalborg BK","0","1",5757,"Søn",1,0,0,1,2,1,1,16.3,1.5,34,3000,0,31,0,92266
171,29,"2008-05-07",20:30:00,"Brøndby IF","Viborg FF","1","1",11320,"Ons",1,0,0,2,0,2,1,19,2.1,45,3000,0,50,0,92266
179,30,"2008-05-12",16:00:00,"Viborg FF","Lyngby BK","3","2",3021,"Man",1,0,0,2,0,1,0,18.9,5.1,47,3000,0,48,1,92266
182,31,"2008-05-15",18:30:00,"FC København","Viborg FF","3","0",15976,"Tor",1,1,0,2,0,2,1,16.7,3.6,64,3000,0,63,0,92266
191,32,"2008-05-18",15:00:00,"Viborg FF","Randers FC","0","1",3001,"Søn",1,1,0,1,2,1,0,11.6,3.6,42,3000,0,43,0,92266
193,33,"2008-05-24",15:00:00,"Esbjerg fB","Viborg FF","2","1",4154,"Lør",1,1,0,2,1,1,0,18.3,3.6,43,3000,0,46,0,92266
248,1,"2008-08-10",15:00:00,"Næstved BK","Viborg FF","0","1",1343,"Søn",0,1,0,2,2,1,0,17.7,7.2,91,3000,0.2,92,0,92433
249,2,"2008-08-16",17:30:00,"Viborg FF","Skive IK","1","0",3875,"Lør",0,1,0,2,1,1,0,19.5,0.5,47,3000,0,51,0,92433
259,3,"2008-08-27",18:30:00,"Kolding FC","Viborg FF","1","3",444,"Ons",0,1,0,2,0,2,0,16.4,7.2,92,3000,0.4,92,0,92433
272,4,"2008-08-31",15:00:00,"Viborg FF","Lolland Falster","2","0",2248,"Søn",0,1,0,2,2,1,0,22.1,5.7,40,3000,0,39,0,92433
281,6,"2008-09-13",19:00:00,"Viborg FF","Silkeborg IF","3","2",4148,"Lør",0,2,0,1,1,2,0,14.4,5.7,56,3000,0,56,0,92433
280,5,"2008-09-17",19:00:00,"Køge BK","Viborg FF","2","3",257,"Ons",0,2,0,2,0,2,0,13.8,3.1,57,3000,0,55,0,92433
290,7,"2008-09-21",15:00:00,"FC Amager","Viborg FF","1","7",750,"Søn",0,2,0,2,2,1,0,15.2,1.5,62,3000,0,62,0,92433
304,8,"2008-10-05",15:00:00,"Viborg FF","Hvidovre IF","1","1",2300,"Søn",0,2,0,2,2,1,0,11.5,9.3,59,3000,0,63,0,92628
307,9,"2008-10-12",15:00:00,"FC Fredericia","Viborg FF","1","2",1003,"Søn",0,2,0,2,2,1,0,14.2,7.2,57,3000,0,61,0,92628
320,10,"2008-10-19",15:00:00,"Viborg FF","FC Roskilde","0","2",2578,"Søn",0,2,1,2,2,1,0,11.7,4.1,66,3000,0,65,0,92628
321,11,"2008-10-25",19:00:00,"AB","Viborg FF","2","1",1057,"Lør",0,1,0,2,1,2,0,11.8,8.8,64,3000,0,64,0,92628
329,12,"2008-11-01",19:15:00,"Viborg FF","Herfølge BK","2","4",1666,"Lør",0,1,0,2,1,2,0,6.5,2.6,69,3000,0,72,0,92628
344,13,"2008-11-09",15:00:00,"Viborg FF","Lyngby BK","3","2",2167,"Søn",0,1,0,2,2,1,0,7.4,5.7,91,3000,1.4,91,0,92628
345,14,"2008-11-15",19:00:00,"Thisted FC","Viborg FF","1","1",919,"Lør",0,1,0,2,1,2,0,10.7,10.8,77,3000,0.2,86,0,92628
356,15,"2008-11-23",15:00:00,"Viborg FF","BK Frem","4","0",2019,"Søn",0,1,0,2,2,1,0,3.3,0,58,3000,0,58,0,92628
361,16,"2009-03-21",13:00:00,"Silkeborg IF","Viborg FF","0","0",4604,"Lør",0,1,0,2,1,0,0,5.2,7.2,NA,3000,0,97,0,92823
375,17,"2009-03-29",15:00:00,"Viborg FF","Køge BK","3","0",NA,"Søn",0,1,0,2,2,1,0,6.4,2.6,80,3000,0,72,0,92823
382,18,"2009-04-05",15:00:00,"Lolland Falster","Viborg FF","3","2",763,"Søn",0,2,0,2,2,1,0,10.8,7.2,54,3000,0,59,1,93077
392,19,"2009-04-09",15:00:00,"Viborg FF","Kolding FC","3","1",2788,"Tor",0,1,0,2,0,1,0,14.6,6.2,53,3000,0,57,1,93077
394,20,"2009-04-13",13:00:00,"Skive IK","Viborg FF","1","3",3093,"Man",0,1,0,2,0,0,0,14.7,3.1,NA,8000,NA,NA,1,93077
406,21,"2009-04-19",15:00:00,"Viborg FF","Næstved BK","1","2",3415,"Søn",0,1,0,2,2,1,0,14.6,1.5,37,3000,0,38,0,93077
473,30,"2009-04-28",19:00:00,"Viborg FF","FC Amager","3","0",NA,"Tir",0,1,0,2,0,2,0,14.5,5.7,57,3000,0,58,0,93077
418,23,"2009-05-02",19:00:00,"Viborg FF","Thisted FC","2","0",2892,"Lør",0,1,0,2,1,2,0,19.6,3.1,47,3000,0,48,0,93077
425,24,"2009-05-09",13:30:00,"Lyngby BK","Viborg FF","0","1",768,"Lør",0,2,0,2,1,0,0,14.7,7.7,50,3000,0,51,0,93077
433,25,"2009-05-16",13:30:00,"Herfølge BK","Viborg FF","4","0",1438,"Lør",0,2,0,2,1,0,0,8.6,4.6,91,3000,0.8,91,0,93077
441,26,"2009-05-20",19:00:00,"Viborg FF","AB","0","2",2108,"Ons",0,1,0,2,0,2,0,17,7.2,57,3000,0,56,0,93077
450,27,"2009-05-28",19:00:00,"FC Roskilde","Viborg FF","2","0",449,"Tor",0,1,0,2,0,2,0,13.3,13.9,62,3000,0,61,0,93077
460,28,"2009-06-01",15:00:00,"Viborg FF","FC Fredericia","1","3",1376,"Man",0,1,0,2,0,1,0,25.5,3.1,24,3000,0,23,1,93077
470,29,"2009-06-07",15:00:00,"Hvidovre IF","Viborg FF","3","0",1049,"Søn",0,0,0,2,2,1,0,16.5,6.2,31,3000,0,31,0,93077
416,22,"2009-06-14",17:30:00,"BK Frem","Viborg FF","0","6",1064,"Søn",0,0,0,2,2,1,0,17.6,6.7,55,3000,0,58,0,93077
483,1,"2009-08-09",13:00:00,"Viborg FF","FC Roskilde","2","1",2265,"Søn",0,0,0,2,2,0,0,19.5,1.5,NA,2800,0,NA,0,93173
493,2,"2009-08-16",13:00:00,"Thisted FC","Viborg FF","2","1",1317,"Søn",0,1,0,2,2,0,0,18.9,9.8,62,3000,0,62,0,93173
502,3,"2009-08-23",15:00:00,"Viborg FF","Næstved BK","1","1",2194,"Søn",0,1,0,2,2,1,0,19.8,3.6,54,3000,0,52,0,93173
510,4,"2009-08-30",15:00:00,"FC Fredericia","Viborg FF","1","0",1007,"Søn",0,1,0,2,2,1,0,13.8,4.1,88,3000,0.4,80,0,93173
519,5,"2009-09-06",17:05:00,"Viborg FF","Lyngby BK","1","0",2212,"Søn",0,1,0,2,2,1,0,17.7,8.2,73,3000,0.2,75,0,93173
526,6,"2009-09-13",15:00:00,"BK Frem","Viborg FF","2","2",723,"Søn",0,1,0,2,2,1,0,17.1,7.2,59,3000,0,60,0,93173
529,7,"2009-09-19",14:45:00,"Viborg FF","FC Fyn","0","0",1896,"Lør",0,1,0,2,1,0,0,20.6,4.6,54,3000,0,55,0,93173
540,8,"2009-09-27",13:45:00,"AB","Viborg FF","0","0",1269,"Søn",0,1,0,2,2,0,0,15.8,6.7,77,3000,0,75,0,93173
549,9,"2009-10-04",13:45:00,"AC Horsens","Viborg FF","0","1",2474,"Søn",0,1,0,2,2,0,0,9.3,14.4,75,3000,0.6,74,0,93290
562,11,"2009-10-17",15:00:00,"Brabrand IF","Viborg FF","1","1",490,"Lør",0,1,1,2,1,1,0,9.2,6.2,60,3000,0,62,0,93290
560,10,"2009-10-22",18:30:00,"Viborg FF","Vejle B","2","1",2126,"Tor",0,1,0,2,0,2,0,8.8,7.2,81,3000,0,83,0,93290
570,12,"2009-10-25",13:00:00,"Viborg FF","Kolding FC","2","2",1874,"Søn",0,1,0,2,2,0,0,13.2,6.7,82,3000,0,83,0,93290
578,13,"2009-10-31",14:00:00,"FC Vestsjælland","Viborg FF","2","1",1108,"Lør",0,1,0,2,1,0,0,6.9,5.1,66,3000,0,66,0,93290
585,14,"2009-11-06",19:00:00,"Viborg FF","Skive IK","2","1",3208,"Fre",0,1,0,2,0,2,0,6.9,1,98,3000,0,99,0,93290
597,15,"2009-11-15",15:00:00,"Hvidovre IF","Viborg FF","0","3",1080,"Søn",0,1,0,2,2,1,0,11.1,4.6,75,3000,0,75,0,93290
604,16,"2010-03-24",18:30:00,"Viborg FF","BK Frem","1","0",2310,"Ons",0,1,0,2,0,2,0,11.6,5.7,NA,25000,NA,NA,0,93310
619,18,"2010-04-01",13:00:00,"Viborg FF","FC Fredericia","1","1",2076,"Tor",0,1,0,2,0,0,0,5,5.7,88,10000,0.4,89,1,93474
630,19,"2010-04-05",15:00:00,"Næstved BK","Viborg FF","0","1",1278,"Man",0,1,0,2,0,1,0,6.9,5.7,77,25000,0,78,1,93474
633,20,"2010-04-09",19:00:00,"Viborg FF","Thisted FC","0","1",1195,"Fre",0,2,0,2,0,2,0,9.5,7.2,69,25000,0,74,0,93474
642,21,"2010-04-18",13:00:00,"FC Roskilde","Viborg FF","1","1",652,"Søn",0,1,0,2,2,0,0,8.9,6.7,60,12000,0,63,0,93474
614,17,"2010-04-21",19:00:00,"Lyngby BK","Viborg FF","0","0",852,"Ons",0,1,0,2,0,2,0,4.4,3.6,86,15000,0.4,77,0,93474
654,22,"2010-04-25",15:00:00,"Viborg FF","Hvidovre IF","2","2",1902,"Søn",0,1,0,2,2,1,0,15.2,4.6,39,20000,0,36,0,93474
660,23,"2010-05-01",15:00:00,"Skive IK","Viborg FF","2","0",2357,"Lør",0,1,0,2,1,1,0,9.2,6.2,80,25000,0,77,1,93474
665,24,"2010-05-08",14:00:00,"Viborg FF","FC Vestsjælland","1","1",1256,"Lør",0,1,0,2,1,0,0,7.4,5.1,70,25000,0,69,0,93474
678,25,"2010-05-16",15:00:00,"Kolding FC","Viborg FF","2","0",403,"Søn",0,1,0,2,2,1,0,9.3,4.6,97,6000,0,97,0,93474
697,28,"2010-06-04",18:00:00,"Viborg FF","AC Horsens","1","0",2104,"Fre",0,1,0,2,0,1,0,22.6,2.1,41,30000,0,42,0,93474
696,27,"2010-06-09",19:00:00,"Vejle B","Viborg FF","0","0",1720,"Ons",0,1,0,2,0,2,0,15.4,6.2,84,10000,0,86,0,93474
712,29,"2010-06-13",17:30:00,"Viborg FF","AB","1","0",1516,"Søn",0,1,0,2,2,1,0,13.2,8.2,62,25000,0,62,0,93474
688,26,"2010-06-16",19:00:00,"Viborg FF","Brabrand IF","1","1",1924,"Ons",0,1,0,2,0,2,0,15.3,5.1,57,30000,0,57,0,93474
716,30,"2010-06-20",17:00:00,"FC Fyn","Viborg FF","1","1",825,"Søn",0,1,0,2,2,1,0,16,5.7,57,25000,0,59,0,93474
727,1,"2010-08-08",15:00:00,"Kolding FC","Viborg FF","0","0",692,"Søn",0,1,0,2,2,1,0,22.1,3.1,56,25000,0,58,0,93594
735,2,"2010-08-15",15:00:00,"Viborg FF","FC Vestsjælland","1","2",1932,"Søn",0,1,0,2,2,1,0,24.3,6.7,63,30000,0,64,0,93594
737,3,"2010-08-20",19:00:00,"Viborg FF","Skive IK","3","2",3045,"Fre",0,1,0,2,0,2,0,17,3.1,92,20000,0.8,84,0,93594
750,4,"2010-08-29",15:00:00,"AB","Viborg FF","2","2",1102,"Søn",0,1,0,2,2,1,0,14.6,0.5,61,30000,0,64,0,93594
753,5,"2010-09-03",19:00:00,"Viborg FF","FC Fredericia","0","1",2268,"Fre",0,1,0,2,0,2,0,15,2.6,71,20000,0,73,0,93594
762,6,"2010-09-10",19:00:00,"FC Hjørring","Viborg FF","2","1",1196,"Fre",0,1,0,2,0,2,0,14.3,2.1,95,20000,0,94,0,93594
776,7,"2010-09-19",15:00:00,"FC Roskilde","Viborg FF","2","1",648,"Søn",0,1,0,2,2,1,0,13.4,6.2,68,25000,0,67,0,93594
781,8,"2010-09-26",15:00:00,"Viborg FF","Hvidovre IF","1","3",1790,"Søn",0,1,0,2,2,1,0,11.6,6.7,97,5000,0.2,97,0,93594
789,9,"2010-10-02",15:00:00,"Hobro IK","Viborg FF","0","2",685,"Lør",0,0,0,2,1,1,0,12.1,9.3,76,12000,0,77,0,93636
797,10,"2010-10-10",15:00:00,"Viborg FF","Brønshøj BK","3","0",2256,"Søn",0,0,0,2,2,1,0,9.9,1,98,8000,0,99,0,93636
801,11,"2010-10-15",18:00:00,"Vejle B","Viborg FF","2","0",2422,"Fre",0,1,0,2,0,1,0,10.3,2.1,78,20000,0,79,0,93636
809,12,"2010-10-22",18:00:00,"Viborg FF","HB Køge","1","2",1376,"Fre",0,1,1,2,0,1,0,8.9,4.6,55,25000,0,54,0,93636
824,13,"2010-10-31",15:00:00,"Næstved BK","Viborg FF","0","1",921,"Søn",0,1,0,2,2,1,0,11.4,2.6,78,25000,0,82,0,93636
826,14,"2010-11-05",19:00:00,"Viborg FF","FC Fyn","1","1",1677,"Fre",0,1,0,2,0,2,0,8.5,7.7,78,30000,0,79,0,93636
837,15,"2010-11-14",13:45:00,"AGF","Viborg FF","1","0",5041,"Søn",0,1,0,2,2,0,0,6.5,2.6,94,15000,0,95,0,93636
846,16,"2010-11-21",15:00:00,"FC Vestsjælland","Viborg FF","3","2",718,"Søn",0,1,0,2,2,1,0,4.6,5.7,100,4000,0,100,0,93636
853,17,"2011-03-20",15:00:00,"Viborg FF","FC Roskilde","0","1",2011,"Søn",0,1,0,2,2,1,0,4.8,3.6,86,15000,0,92,0,93498
860,18,"2011-03-27",15:00:00,"Viborg FF","FC Hjørring","2","0",1616,"Søn",0,1,0,2,2,1,0,5.9,5.7,44,20000,0,42,0,93498
872,19,"2011-04-03",15:00:00,"FC Fredericia","Viborg FF","3","0",850,"Søn",0,1,0,2,2,1,0,8.6,4.6,81,12000,0,87,0,93650
878,20,"2011-04-10",15:00:00,"Viborg FF","AB","3","0",1543,"Søn",0,0,0,2,2,1,0,17.5,0.5,39,30000,0,38,0,93650
883,21,"2011-04-13",19:00:00,"Skive IK","Viborg FF","2","0",1918,"Ons",0,1,0,2,0,2,0,7.8,6.7,71,30000,0,73,0,93650
889,22,"2011-04-16",14:45:00,"Viborg FF","AGF","2","3",3408,"Lør",0,1,0,1,1,0,0,11.7,6.7,67,20000,0,73,0,93650
899,23,"2011-04-21",13:00:00,"FC Fyn","Viborg FF","1","2",809,"Tor",0,1,0,2,0,0,0,21.3,4.1,40,20000,0,40,1,93650
912,24,"2011-04-25",15:00:00,"Viborg FF","Næstved BK","2","2",2296,"Man",0,1,0,2,0,1,0,21.3,1.5,29,30000,0,30,1,93650
916,25,"2011-04-30",15:00:00,"HB Køge","Viborg FF","3","1",2353,"Lør",0,1,0,2,1,1,0,17.9,4.6,36,30000,0,35,0,93650
921,26,"2011-05-06",19:00:00,"Viborg FF","Vejle B","1","0",2277,"Fre",0,1,0,2,0,2,0,18,2.6,31,25000,0,35,0,93650
932,27,"2011-05-14",15:00:00,"Brønshøj BK","Viborg FF","1","0",718,"Lør",0,1,0,2,1,1,0,10.9,3.6,82,10000,0.6,87,0,93650
937,28,"2011-05-19",19:00:00,"Viborg FF","Hobro IK","0","0",2506,"Tor",0,1,0,2,0,2,0,14.9,7.7,53,30000,0,55,0,93650
947,29,"2011-05-24",19:00:00,"Viborg FF","Kolding FC","2","2",4456,"Tir",0,1,0,2,0,2,0,12,9.3,63,12000,0,58,0,93650
955,30,"2011-05-29",13:30:00,"Hvidovre IF","Viborg FF","1","3",904,"Søn",0,1,0,2,2,0,0,11.5,5.1,82,25000,0,82,0,93650
961,1,"2011-08-12",18:00:00,"Viborg FF","FC Hjørring","4","0",2225,"Fre",0,1,0,2,0,1,0,19.4,4.6,62,20000,0,64,0,93745
968,2,"2011-08-19",19:00:00,"AB","Viborg FF","1","0",933,"Fre",0,1,0,2,0,2,0,15.9,5.7,79,20000,0,83,0,93745
981,3,"2011-08-28",15:00:00,"Viborg FF","FC Roskilde","1","0",2295,"Søn",0,1,0,2,2,1,0,16.4,8.2,68,25000,0,67,0,93745
982,4,"2011-09-04",13:00:00,"Skive IK","Viborg FF","0","0",2047,"Søn",0,1,0,2,2,0,0,22.4,4.1,76,20000,0,71,0,93745
989,5,"2011-09-09",19:00:00,"Viborg FF","Vejle B","1","1",2716,"Fre",0,1,0,2,0,2,0,17.8,4.1,60,30000,0,65,0,93745
996,6,"2011-09-16",18:00:00,"Randers FC","Viborg FF","1","0",4206,"Fre",0,1,0,2,0,1,0,13,3.6,66,40000,0,66,0,93745
1008,7,"2011-09-25",15:00:00,"Viborg FF","Brønshøj BK","1","1",2526,"Søn",0,1,0,2,2,1,0,19,4.1,60,25000,0,60,0,93745
1010,8,"2011-10-01",15:00:00,"Hobro IK","Viborg FF","1","1",905,"Lør",0,1,0,2,1,1,0,23.2,1.5,55,25000,0,56,0,93794
1017,9,"2011-10-07",18:30:00,"Viborg FF","Blokhus FC","4","2",2062,"Fre",0,1,0,2,0,2,0,12.6,10.3,68,10000,0,76,0,93794
1030,10,"2011-10-16",15:00:00,"Næstved BK","Viborg FF","0","3",965,"Søn",0,1,0,2,2,1,0,13.5,3.6,52,20000,0,54,0,93794
1031,11,"2011-10-21",19:00:00,"FC Fredericia","Viborg FF","1","2",906,"Fre",0,1,1,2,0,2,0,9.3,3.1,90,9000,0,86,0,93794
1038,12,"2011-10-28",18:30:00,"Viborg FF","Esbjerg fB","1","2",4246,"Fre",0,2,0,2,0,2,0,13.4,4.6,83,12000,0,92,0,93794
1049,13,"2011-11-06",13:45:00,"FC Vestsjælland","Viborg FF","3","3",777,"Søn",0,1,0,2,2,0,0,10.5,3.6,90,3200,0,92,0,93794
1054,14,"2011-11-13",14:00:00,"FC Hjørring","Viborg FF","1","2",937,"Søn",0,1,0,2,2,0,0,2,0,98,100,0,98,0,93794
1065,15,"2012-04-05",15:00:00,"Viborg FF","AB","2","2",2719,"Tor",0,1,0,2,0,1,0,8.3,6.2,40,25000,0,40,1,93984
1068,16,"2012-04-09",15:00:00,"FC Roskilde","Viborg FF","0","4",715,"Man",0,1,0,2,0,1,0,8.2,5.1,92,5000,0,91,1,93984
1074,17,"2012-04-13",19:00:00,"Viborg FF","Skive IK","2","2",3390,"Fre",0,1,0,2,0,2,0,8,1.5,71,25000,0,72,0,93984
1080,18,"2012-04-20",18:30:00,"Vejle B","Viborg FF","2","2",2832,"Fre",0,1,0,2,0,2,0,9.1,7.7,68,25000,0,65,0,93984
1087,19,"2012-04-27",18:30:00,"Viborg FF","Randers FC","2","2",3683,"Fre",0,1,0,1,0,2,0,12.6,9.3,71,25000,0,70,0,93984
1096,20,"2012-05-05",15:00:00,"Brønshøj BK","Viborg FF","1","3",985,"Lør",0,1,0,2,1,1,0,8.6,9.8,48,25000,0,47,1,93984
1102,21,"2012-05-11",19:00:00,"Viborg FF","Hobro IK","1","1",2890,"Fre",0,1,0,2,0,2,0,12.1,7.7,85,10000,0,86,0,93984
1109,22,"2012-05-20",13:00:00,"Blokhus FC","Viborg FF","1","3",385,"Søn",0,1,0,2,2,0,0,21.1,5.7,61,20000,0,60,0,93984
1130,25,"2012-05-23",19:00:00,"Esbjerg fB","Viborg FF","4","0",4718,"Ons",0,1,0,2,0,2,0,24.1,6.2,59,20000,0,61,0,93984
1118,23,"2012-05-27",15:00:00,"Viborg FF","Næstved BK","2","0",1939,"Søn",0,1,0,2,2,1,0,24.4,2.1,50,25000,0,52,1,93984
1118,23,"2012-05-27",15:00:00,"Viborg FF","Næstved BK","2","0",1939,"Søn",0,1,0,2,2,1,0,24.4,2.1,50,25000,0,52,1,93984
1124,24,"2012-06-01",19:00:00,"Viborg FF","FC Fredericia","0","3",1960,"Fre",0,1,0,2,0,2,0,11.8,11.8,49,25000,0,52,0,93984
1142,26,"2012-06-10",14:00:00,"Viborg FF","FC Vestsjælland","1","2",1946,"Søn",0,1,0,2,2,0,0,13.3,5.7,95,10000,0,95,0,93984
1144,1,"2012-07-28",15:00:00,"Brønshøj BK","Viborg FF","2","2",661,"Lør",0,1,1,2,1,1,0,15.9,5.7,96,8000,1.4,96,0,94100
1151,2,"2012-08-03",19:00:00,"Viborg FF","FC Vestsjælland","7","1",2157,"Fre",0,1,0,2,0,2,0,21.9,3.6,65,25000,0,65,0,94100
1160,3,"2012-08-08",19:00:00,"FC Fredericia","Viborg FF","1","1",677,"Ons",0,1,0,2,0,2,0,17.2,9.3,65,25000,0,63,0,94100
1166,4,"2012-08-12",15:00:00,"Viborg FF","Hobro IK","1","2",2740,"Søn",0,1,0,2,2,1,0,21.2,1.5,55,20000,0,54,0,94100
1172,5,"2012-08-19",19:00:00,"Vejle B","Viborg FF","2","2",2348,"Søn",0,1,0,2,2,2,0,25.7,4.1,56,30000,0,57,0,94100
1174,6,"2012-08-26",13:00:00,"Lyngby BK","Viborg FF","2","1",1166,"Søn",0,1,0,2,2,0,0,19,3.6,75,20000,0,74,0,94100
1183,7,"2012-09-02",18:30:00,"Viborg FF","FC Fyn","2","1",2088,"Søn",0,1,0,2,2,2,0,17,4.6,92,5000,0,93,0,94100
1190,8,"2012-09-09",16:00:00,"Viborg FF","HB Køge","5","0",2234,"Søn",0,1,0,2,2,1,0,19.9,4.6,71,30000,0,73,0,94100
1195,9,"2012-09-16",15:00:00,"AB","Viborg FF","2","1",925,"Søn",0,1,0,2,2,1,0,17.8,5.1,77,15000,0,77,0,94100
1197,10,"2012-09-21",19:00:00,"Viborg FF","Skive IK","2","1",2947,"Fre",0,1,0,2,0,2,0,9.8,3.1,98,8000,4.6,98,0,94100
1203,11,"2012-09-28",19:00:00,"Viborg FF","FC Hjørring","4","1",2297,"Fre",0,1,0,2,0,2,0,14.6,4.6,74,25000,0,69,0,94100
1214,12,"2012-10-07",15:15:00,"Brønshøj BK","Viborg FF","3","2",558,"Søn",0,2,0,2,2,1,0,10.4,8.2,87,15000,0.6,87,0,94173
1215,13,"2012-10-12",19:00:00,"Viborg FF","AB","0","0",1969,"Fre",0,1,0,2,0,2,0,10.5,6.7,72,30000,0,74,0,94173
1226,14,"2012-10-21",16:45:00,"Lyngby BK","Viborg FF","0","2",1183,"Søn",0,1,1,2,2,1,0,11.6,1,94,10000,0,94,0,94173
1228,15,"2012-10-27",19:00:00,"Viborg FF","FC Fredericia","2","2",1984,"Lør",0,1,0,2,1,2,0,6,4.6,78,20000,0,76,0,94173
1233,16,"2012-11-02",19:00:00,"Skive IK","Viborg FF","0","2",1487,"Fre",0,1,0,2,0,2,0,7.2,5.7,86,25000,0,89,0,94173
1244,17,"2012-11-11",16:45:00,"Viborg FF","FC Vestsjælland","0","0",2440,"Søn",0,1,0,2,2,1,0,10,6.2,78,20000,0,80,0,94173
1249,18,"2012-11-18",15:00:00,"FC Fyn","Viborg FF","1","2",1067,"Søn",0,1,0,2,2,1,0,7.6,2.6,87,15000,0,88,0,94173
1251,19,"2012-11-23",19:00:00,"Viborg FF","HB Køge","0","0",2172,"Fre",0,2,0,2,0,2,0,6.9,5.7,85,9000,0,84,0,94173
1263,21,"2013-03-24",16:00:00,"Viborg FF","FC Hjørring","0","0",3270,"Søn",0,1,0,2,2,1,0,2.1,7.7,49,30000,0,50,1,94333
1271,22,"2013-04-01",15:00:00,"Viborg FF","Hobro IK","2","1",2472,"Man",0,1,0,2,0,1,0,7,2.6,31,30000,0,31,1,94461
1275,23,"2013-04-04",15:00:00,"AB","Viborg FF","0","1",377,"Tor",0,1,0,2,0,1,0,6.5,6.2,41,30000,0,41,0,94461
1282,24,"2013-04-07",13:45:00,"Viborg FF","Brønshøj BK","1","0",2136,"Søn",0,2,0,2,2,0,1,4.6,7.2,81,30000,0.2,85,0,94461
1288,25,"2013-04-12",19:00:00,"Hobro IK","Viborg FF","0","1",1008,"Fre",0,2,0,2,0,2,0,4.3,1,90,15000,0,91,0,94461
1294,26,"2013-04-19",19:00:00,"FC Fredericia","Viborg FF","1","1",873,"Fre",0,2,0,2,0,2,0,9.2,12.9,59,20000,0,63,0,94461
1303,27,"2013-04-24",19:00:00,"Viborg FF","Lyngby BK","2","0",2494,"Ons",0,2,0,2,0,2,0,13,7.7,61,20000,0,59,0,94461
1308,28,"2013-04-28",15:00:00,"FC Hjørring","Viborg FF","1","1",769,"Søn",0,2,0,2,2,1,0,9.8,7.2,51,25000,0,53,0,94461
1262,20,"2013-05-02",19:00:00,"Vejle B","Viborg FF","1","1",4504,"Tor",0,2,0,2,0,2,1,11.2,3.6,36,25000,0,38,0,94461
1315,29,"2013-05-05",15:00:00,"Viborg FF","Vejle B","2","1",4175,"Søn",0,1,0,2,2,1,0,15.9,5.1,NA,20000,NA,NA,1,94461
1321,30,"2013-05-08",19:00:00,"FC Vestsjælland","Viborg FF","2","3",3412,"Ons",0,1,0,2,0,2,1,14.4,4.1,93,4000,0,93,0,94461
1326,31,"2013-05-12",15:00:00,"Viborg FF","Skive IK","3","0",7214,"Søn",0,2,0,2,2,1,0,11.1,4.6,74,30000,0,76,0,94461
1334,32,"2013-05-17",19:00:00,"HB Køge","Viborg FF","2","1",988,"Fre",0,2,0,2,0,2,1,20.2,7.7,70,15000,0,72,0,94461
1338,33,"2013-05-20",14:00:00,"Viborg FF","FC Fyn","3","0",NA,"Man",0,1,0,2,0,0,0,18.9,2.6,79,15000,0,77,1,94461
1190,1,"2013-07-20",17:00:00,"Viborg FF","Randers FC","2","2",4771,"Lør",1,2,1,1,1,1,1,27.1,5.1,41,30000,0,42,0,94596
1195,2,"2013-07-26",18:30:00,"FC Nordsjælland","Viborg FF","1","1",5067,"Fre",1,1,1,2,0,2,1,27.8,2.6,44,20000,0,45,0,94596
1203,3,"2013-08-04",14:00:00,"Odense Boldklub","Viborg FF","4","2",7889,"Søn",1,1,0,2,2,0,0,23.2,4.1,53,25000,0,51,0,94596
1207,4,"2013-08-09",18:30:00,"Viborg FF","Brøndby IF","2","2",9047,"Fre",1,1,0,0,0,2,1,20.9,5.7,57,30000,0,57,0,94596
1216,5,"2013-08-18",17:00:00,"SønderjyskE","Viborg FF","0","3",2654,"Søn",1,1,0,2,2,1,1,17.8,6.7,93,4500,0.6,96,0,94596
1221,6,"2013-08-25",15:00:00,"Viborg FF","Esbjerg fB","3","1",5166,"Søn",1,1,0,2,2,1,1,21.3,4.6,53,30000,0,56,0,94596
1228,7,"2013-09-01",17:00:00,"Viborg FF","FC København","1","4",8212,"Søn",1,1,0,0,2,1,0,14.4,5.7,84,15000,0,80,0,94596
1233,8,"2013-09-15",14:00:00,"AGF","Viborg FF","0","1",9625,"Søn",1,1,0,2,2,0,0,13.4,6.2,84,20000,0,79,0,94596
1238,9,"2013-09-21",17:00:00,"FC Midtjylland","Viborg FF","0","0",9195,"Lør",1,1,0,2,1,1,1,15.8,5.7,71,20000,0,70,0,94596
1243,10,"2013-09-27",18:30:00,"Viborg FF","FC Vestsjælland","2","0",4532,"Fre",1,1,0,2,0,2,1,14.4,3.1,63,25000,0,67,0,94596
1251,11,"2013-10-06",15:00:00,"Aalborg BK","Viborg FF","3","1",6892,"Søn",1,1,0,2,2,1,0,16,5.7,75,30000,0,77,0,94423
1258,12,"2013-10-20",17:00:00,"Brøndby IF","Viborg FF","0","0",16607,"Søn",1,1,1,2,2,1,0,13.9,3.1,96,12000,0.2,97,0,94423
1261,13,"2013-10-25",18:30:00,"Viborg FF","FC Vestsjælland","4","1",4221,"Fre",1,1,0,2,0,2,1,12.3,4.1,80,20000,0,78,0,94423
1270,14,"2013-11-03",14:00:00,"AGF","Viborg FF","2","1",6785,"Søn",1,1,0,2,2,0,0,8.8,10.3,76,3000,0.8,69,0,94423
1273,15,"2013-11-08",18:30:00,"Viborg FF","FC Midtjylland","2","3",7563,"Fre",1,1,0,0,0,2,1,10.8,4.1,82,25000,0,84,0,94423
1282,16,"2013-11-24",17:00:00,"FC København","Viborg FF","4","1",14227,"Søn",1,1,0,2,2,1,0,4.8,4.1,55,25000,0,57,0,94423
1286,17,"2013-11-30",17:00:00,"Viborg FF","SønderjyskE","2","2",3478,"Lør",1,1,0,2,1,1,1,6.4,2.6,88,30000,0,86,0,94423
1296,18,"2013-12-09",19:00:00,"Aalborg BK","Viborg FF","5","0",7796,"Man",1,1,0,2,0,2,1,9.1,3.1,100,1200,0,100,0,94423
1299,19,"2014-02-23",14:00:00,"Viborg FF","Randers FC","1","1",4546,"Søn",1,0,0,1,2,0,0,8.1,6.7,79,30000,0,80,0,94486
1303,20,"2014-02-28",18:30:00,"FC Nordsjælland","Viborg FF","2","0",3112,"Fre",1,0,0,2,0,2,1,5.9,2.1,93,8000,0,93,0,94486
1311,21,"2014-03-09",14:00:00,"Viborg FF","Esbjerg fB","1","3",3834,"Søn",1,0,0,2,2,0,0,13.8,7.2,57,10000,0,57,0,94486
1317,22,"2014-03-16",14:00:00,"Odense Boldklub","Viborg FF","1","1",5618,"Søn",1,0,0,2,2,0,0,10.4,11.8,76,30000,0,71,0,94486
1321,23,"2014-03-21",18:30:00,"FC Vestsjælland","Viborg FF","0","1",3167,"Fre",1,0,0,2,0,2,1,8.4,6.2,67,35000,0,68,0,94486
1330,24,"2014-03-30",17:00:00,"Viborg FF","Brøndby IF","0","1",7736,"Søn",1,1,0,0,2,1,0,11.9,1,81,7000,0,89,0,94486
1335,25,"2014-04-06",14:00:00,"Viborg FF","Odense Boldklub","2","2",4079,"Søn",1,1,0,2,2,0,0,13.3,5.1,85,13000,0,85,0,94622
1341,26,"2014-04-13",14:00:00,"Randers FC","Viborg FF","3","1",4593,"Søn",1,1,0,2,2,0,0,8.4,9.8,81,30000,0,75,1,94622
1345,27,"2014-04-16",20:00:00,"Viborg FF","Aalborg BK","0","2",6803,"Ons",1,1,0,1,0,2,1,11.9,3.6,41,35000,0,43,0,94622
1354,28,"2014-04-21",15:00:00,"FC Midtjylland","Viborg FF","5","2",8903,"Man",1,1,0,2,0,1,1,16,7.7,59,35000,0,58,1,94622
1359,29,"2014-04-27",14:00:00,"Viborg FF","AGF","0","3",6434,"Søn",1,0,0,1,2,0,0,19.9,5.7,54,35000,0,51,0,94622
1365,30,"2014-05-04",14:00:00,"SønderjyskE","Viborg FF","1","0",8357,"Søn",1,0,0,2,2,0,0,10.9,5.7,51,35000,0,52,0,94622
1371,31,"2014-05-08",18:00:00,"Viborg FF","FC København","0","2",4701,"Tor",1,0,0,0,0,1,0,13.6,5.7,76,35000,0,85,0,94622
1375,32,"2014-05-11",17:00:00,"Viborg FF","FC Nordsjælland","1","3",4728,"Søn",1,0,0,2,2,1,0,11.4,5.1,89,11000,2.1,88,0,94622
1386,33,"2014-05-18",17:00:00,"Esbjerg fB","Viborg FF","0","0",9853,"Søn",1,0,0,2,2,1,0,20.6,2.6,56,35000,0,57,0,94622
1542,1,"2014-07-27",15:00:00,"Viborg FF","AC Horsens","1","1",3073,"Søn",0,0,1,2,2,1,0,NA,NA,NA,NA,NA,NA,NA,NA
1546,2,"2014-08-03",15:00:00,"HB Køge","Viborg FF","2","3",1384,"Søn",0,0,0,2,2,1,0,NA,NA,NA,NA,NA,NA,NA,NA
1556,3,"2014-08-10",15:30:00,"AGF","Viborg FF","0","2",6062,"Søn",0,1,0,2,2,1,1,23.1,6.2,53,35000,0,54,0,94788
1560,4,"2014-08-17",15:00:00,"Viborg FF","Skive IK","0","0",4436,"Søn",0,1,0,2,2,1,0,NA,NA,NA,NA,NA,NA,NA,NA
1564,5,"2014-08-23",15:00:00,"Brønshøj BK","Viborg FF","1","2",567,"Lør",0,1,0,2,1,1,0,NA,NA,NA,NA,NA,NA,NA,NA
1572,6,"2014-08-31",15:00:00,"Viborg FF","FC Roskilde","1","1",3142,"Søn",0,2,0,2,2,1,0,NA,NA,NA,NA,NA,NA,NA,NA
1578,7,"2014-09-07",15:30:00,"Viborg FF","FC Fredericia","2","2",2347,"Søn",0,2,0,2,2,1,1,16.8,2.6,93,35000,0.4,91,0,94788
1582,8,"2014-09-12",19:00:00,"AB","Viborg FF","0","2",773,"Fre",0,1,0,2,0,2,0,19.9,2.6,65,35000,0,67,0,94788
1592,9,"2014-09-21",19:00:00,"Viborg FF","Lyngby BK","2","0",2848,"Søn",0,1,0,2,2,2,0,17.1,6.7,69,35000,0,68,0,94788
1594,10,"2014-09-26",19:00:00,"Vendsyssel FF","Viborg FF","0","1",1234,"Fre",0,2,0,2,0,2,0,17.2,8.2,87,21000,0,87,0,94788
1604,11,"2014-10-06",19:00:00,"Viborg FF","Vejle B","1","1",2830,"Man",0,2,0,2,0,2,1,15.6,8.2,67,26000,0,67,0,94994
1608,12,"2014-10-12",16:30:00,"FC Roskilde","Viborg FF","1","1",948,"Søn",0,2,0,2,2,1,1,14.5,6.7,75,35000,0,77,0,94994
1611,13,"2014-10-17",19:00:00,"Viborg FF","FC Fredericia","2","0",2731,"Fre",0,2,1,2,0,2,0,12.7,2.6,100,2800,0,100,0,94994
1620,14,"2014-10-24",19:00:00,"Vendsyssel FF","Viborg FF","1","0",829,"Fre",0,2,0,2,0,2,0,12.9,5.7,98,5000,0,98,0,94994
1628,15,"2014-11-02",15:30:00,"Viborg FF","AGF","3","0",4248,"Søn",0,1,0,1,2,1,1,15.5,7.7,79,28000,0,78,0,94994
1634,16,"2014-11-10",19:00:00,"Viborg FF","AC Horsens","1","1",2803,"Man",0,1,0,2,0,2,1,9.5,4.1,98,6000,0.2,98,1,94994
1636,17,"2014-11-15",15:00:00,"Vejle B","Viborg FF","0","1",1306,"Lør",0,1,0,2,1,1,0,9.5,8.2,88,12000,0,88,0,94994
1641,18,"2014-11-23",15:00:00,"Viborg FF","Brønshøj BK","2","0",2398,"Søn",0,1,0,2,2,1,0,7.3,4.6,94,7000,0,94,0,94994
1647,19,"2015-03-12",19:00:00,"Lyngby BK","Viborg FF","0","1",2185,"Tor",0,1,0,2,0,2,1,10.5,1.5,58,35000,0,58,0,94985
1654,20,"2015-03-20",19:00:00,"Viborg FF","AB","3","0",3294,"Fre",0,2,0,2,0,2,0,7.2,5.1,77,20000,0,80,0,94985
1660,21,"2015-03-27",19:00:00,"Skive IK","Viborg FF","0","0",2103,"Fre",0,2,0,2,0,2,0,7,0.5,71,30000,0,75,0,94985
1667,22,"2015-04-02",15:00:00,"Viborg FF","HB Køge","2","0",3090,"Tor",0,2,0,2,0,1,0,6.9,8.2,56,35000,0,57,1,95247
1672,23,"2015-04-06",14:30:00,"FC Fredericia","Viborg FF","1","2",814,"Man",0,2,0,2,0,0,1,10.7,2.6,36,35000,0,37,1,95247
1677,24,"2015-04-09",18:30:00,"Viborg FF","Vendsyssel FF","0","0",3373,"Tor",0,2,0,2,0,2,1,12.4,5.1,56,30000,0,54,0,95247
1688,25,"2015-04-19",15:30:00,"AGF","Viborg FF","1","1",8747,"Søn",0,2,0,2,2,1,1,13.9,5.1,48,35000,0,49,0,95247
1690,26,"2015-04-25",14:30:00,"AC Horsens","Viborg FF","0","0",1779,"Lør",0,1,0,2,1,0,1,12.2,5.7,93,6000,0.7,92,0,95247
1695,27,"2015-04-30",18:00:00,"Viborg FF","Vejle B","3","3",3004,"Tor",0,1,0,2,0,1,1,11.5,4.1,54,35000,0,53,0,95247
1703,28,"2015-05-08",19:00:00,"HB Køge","Viborg FF","0","1",1130,"Fre",0,1,0,2,0,2,0,12.3,5.7,49,35000,0,49,0,95247
1707,29,"2015-05-13",19:00:00,"Viborg FF","FC Roskilde","1","0",5004,"Ons",0,1,0,2,0,2,1,10.5,10.3,90,17000,0.1,92,0,95247
1716,30,"2015-05-20",19:00:00,"Viborg FF","Skive IK","1","1",3082,"Ons",0,1,0,2,0,2,0,12.7,4.6,67,35000,0,66,0,95247
1721,31,"2015-05-24",15:00:00,"AB","Viborg FF","2","1",571,"Søn",0,1,0,2,2,1,0,14.6,6.2,60,35000,0,61,1,95247
1721,31,"2015-05-24",15:00:00,"AB","Viborg FF","2","1",571,"Søn",0,1,0,2,2,1,0,14.6,6.2,60,35000,0,61,1,95247
1726,32,"2015-05-30",16:00:00,"Brønshøj BK","Viborg FF","0","3",361,"Lør",0,1,0,2,1,1,0,11.2,8.8,65,35000,0,67,0,95247
1735,33,"2015-06-06",16:00:00,"Viborg FF","Lyngby BK","1","1",4037,"Lør",0,1,0,2,1,1,0,16.7,7.7,55,35000,0,60,0,95247
1586,1,"2015-07-18",16:00:00,"FC Midtjylland","Viborg FF","2","0",7232,"Lør",1,1,1,2,1,1,1,19.4,9.8,51,35000,0,52,0,95567
1595,2,"2015-07-27",19:00:00,"Viborg FF","AGF","0","0",6318,"Man",1,1,0,1,0,2,1,16.7,5.1,71,35000,0,82,0,95567
1596,3,"2015-07-31",18:00:00,"Viborg FF","Esbjerg fB","2","1",3557,"Fre",1,1,0,2,0,1,1,14.4,9.8,68,35000,0,70,0,95567
1603,4,"2015-08-08",16:00:00,"HOdense Boldklub","Viborg FF","1","1",3305,"Lør",1,1,0,2,1,1,1,18.6,5.1,68,35000,0,69,0,95567
1611,5,"2015-08-16",16:00:00,"Viborg FF","Brøndby IF","0","4",7747,"Søn",1,1,0,0,2,1,0,21.7,2.1,75,35000,0,77,0,95567
1615,6,"2015-08-23",13:30:00,"Randers FC","Viborg FF","0","1",5347,"Søn",1,1,0,2,2,0,1,24.4,7.7,39,35000,0,43,0,95567
1621,7,"2015-08-29",16:00:00,"SønderjyskE","Viborg FF","2","1",4345,"Lør",1,1,0,2,1,1,1,21.2,6.2,58,35000,0,55,0,95567
1627,8,"2015-09-12",16:00:00,"Viborg FF","FC Nordsjælland","0","1",3254,"Lør",1,1,0,2,1,1,1,17.3,6.7,79,30000,0,85,0,95567
1634,9,"2015-09-19",16:00:00,"Odense Boldklub","Viborg FF","2","0",5807,"Lør",1,1,0,2,1,1,1,15.7,5.7,70,35000,0,71,0,95567
1640,10,"2015-09-25",20:00:00,"Viborg FF","Aalborg BK","1","0",5137,"Fre",1,0,0,1,0,2,0,14.9,5.7,76,35000,0,78,0,95567
1648,11,"2015-10-04",16:00:00,"FC København","Viborg FF","1","0",13141,"Søn",1,1,0,2,2,1,0,16.7,0.5,74,35000,0,76,0,95710
1654,12,"2015-10-18",16:00:00,"Viborg FF","Brøndby IF","0","2",5691,"Søn",1,0,1,0,2,1,0,11.6,3.6,83,19000,0,86,0,95710
1658,13,"2015-10-24",16:00:00,"Viborg FF","Esbjerg fB","4","2",3495,"Lør",1,0,0,2,1,1,1,NA,NA,NA,NA,NA,NA,NA,NA
1664,14,"2015-10-31",20:00:00,"FC Midtjylland","Viborg FF","2","4",7068,"Lør",1,1,0,2,1,2,1,11.8,4.1,79,7000,0,80,0,95710
1672,15,"2015-11-08",13:30:00,"Viborg FF","Odense Boldklub","0","1",3803,"Søn",1,1,0,2,2,0,0,13.1,4.6,71,35000,0,75,0,95710
1678,16,"2015-11-22",16:00:00,"FC København","Viborg FF","0","0",7785,"Søn",1,1,0,2,2,1,0,1.7,7.2,78,35000,0,79,0,95710
1681,17,"2015-11-27",18:00:00,"Viborg FF","AGF","1","0",3271,"Fre",1,1,0,1,0,1,1,9.6,6.7,97,2500,0.1,97,0,95710
1691,18,"2015-12-07",19:00:00,"Aalborg BK","Viborg FF","2","0",8360,"Man",1,1,0,2,0,2,1,6.9,2.1,86,20000,0,86,0,95710
1694,19,"2016-02-28",13:00:00,"Viborg FF","FC Nordsjælland","1","1",3162,"Søn",1,1,0,2,2,0,1,5.9,1,59,35000,0,63,0,95776
1700,20,"2016-03-05",16:00:00,"HOdense Boldklub","Viborg FF","0","6",1740,"Lør",1,1,0,2,1,1,1,3,6.2,96,5000,0,97,0,95776
1706,21,"2016-03-12",16:00:00,"Viborg FF","SønderjyskE","0","0",3167,"Lør",1,1,0,2,1,1,1,1.8,0.5,85,12000,0,85,0,95776
1714,22,"2016-03-20",14:00:00,"Randers FC","Viborg FF","1","3",4869,"Søn",1,1,0,2,2,0,0,10.5,7.2,47,35000,0,50,1,95776
1722,23,"2016-04-04",19:00:00,"Esbjerg fB","Viborg FF","1","0",5629,"Man",1,1,0,2,0,2,1,14.7,3.6,82,10000,0,85,0,96101
1723,24,"2016-04-08",18:00:00,"Viborg FF","FC Midtjylland","1","1",7502,"Fre",1,1,0,0,0,1,1,7.7,8.2,69,35000,0,66,0,96101
1731,25,"2016-04-17",13:00:00,"Odense Boldklub","Viborg FF","5","1",4722,"Søn",1,1,0,2,2,0,0,8.6,8.8,73,30000,0,71,0,96101
1738,26,"2016-04-24",16:00:00,"Viborg FF","FC København","1","1",4437,"Søn",1,1,0,0,2,1,0,7.1,5.1,56,35000,0,67,0,96101
1741,27,"2016-04-29",18:00:00,"AGF","Viborg FF","1","2",4672,"Fre",1,1,0,2,0,1,1,5.4,6.2,92,11000,1.6,90,0,96101
1749,28,"2016-05-08",13:00:00,"Viborg FF","Aalborg BK","0","2",4655,"Søn",1,1,0,1,2,0,0,24.1,6.7,35,35000,0,33,0,96101
1753,29,"2016-05-11",18:00:00,"SønderjyskE","Viborg FF","2","0",6345,"Ons",1,1,0,2,0,1,1,24.1,6.2,36,35000,0,37,0,96101
1761,30,"2016-05-16",13:00:00,"Viborg FF","Randers FC","2","3",4304,"Man",1,1,0,1,0,0,0,13.6,8.2,58,35000,0,58,1,96101
1770,31,"2016-05-23",19:00:00,"Brøndby IF","Viborg FF","0","1",10116,"Man",1,1,0,2,0,2,1,13.8,1.5,90,35000,0,91,0,96101
1773,32,"2016-05-26",20:00:00,"FC Nordsjælland","Viborg FF","1","0",1754,"Tor",1,1,0,2,0,2,0,18.3,4.6,56,35000,0,61,0,96101
1779,33,"2016-05-29",17:00:00,"Viborg FF","HOdense Boldklub","1","0",4154,"Søn",1,0,0,2,2,1,0,21,4.6,63,35000,0,65,0,96101
1783,1,"2016-07-15",18:00:00,"Viborg FF","FC Nordsjælland","0","4",2580,"Fre",1,1,1,2,0,1,1,16.3,7.7,76,35000,0,77,0,96166
1790,2,"2016-07-22",20:15:00,"AGF","Viborg FF","2","1",8156,"Fre",1,1,1,2,0,2,1,26.2,2.6,55,35000,0,56,0,96166
1797,3,"2016-07-29",18:00:00,"Viborg FF","Esbjerg fB","2","1",2929,"Fre",1,1,1,2,0,1,1,20.1,2.1,71,35000,0,72,0,96166
1806,4,"2016-08-06",16:00:00,"Odense Boldklub","Viborg FF","0","0",4488,"Lør",1,1,0,2,1,1,1,16.5,6.2,73,35000,0,75,0,96166
1811,5,"2016-08-12",18:00:00,"Viborg FF","Randers FC","0","1",4065,"Fre",1,1,0,1,0,1,1,17.1,4.1,96,3500,0.2,96,0,96166
1821,6,"2016-08-21",13:00:00,"Silkeborg IF","Viborg FF","1","5",2660,"Søn",1,1,0,2,2,0,0,20.1,4.6,67,35000,0,64,0,96166
1831,7,"2016-08-28",20:00:00,"Viborg FF","FC Midtjylland","0","0",6043,"Søn",1,1,0,0,2,2,1,19.5,3.6,98,26000,0.8,98,0,96166
1834,8,"2016-09-10",14:00:00,"Viborg FF","AC Horsens","2","4",3096,"Lør",1,1,0,2,1,0,1,24.3,4.6,60,35000,0,64,0,96166
1843,9,"2016-09-18",16:00:00,"Brøndby IF","Viborg FF","1","2",15778,"Søn",1,1,0,2,2,1,0,18,3.1,64,35000,0,64,0,96166
1852,10,"2016-09-22",20:00:00,"Aalborg BK","Viborg FF","1","0",5303,"Tor",1,1,0,2,0,2,0,19.7,4.6,53,35000,0,54,0,96166
1854,11,"2016-09-25",12:00:00,"Viborg FF","Lyngby BK","0","1",3126,"Søn",1,1,0,2,2,0,0,23.1,5.7,46,35000,0,51,0,96166
1865,12,"2016-10-02",16:00:00,"Viborg FF","FC København","0","0",4137,"Søn",1,1,0,0,2,1,0,13.1,3.1,93,35000,0.3,94,0,96272
1867,13,"2016-10-14",18:00:00,"SønderjyskE","Viborg FF","1","0",4322,"Fre",1,1,0,2,0,1,1,11.2,6.7,71,35000,0,72,0,96272
1875,14,"2016-10-21",20:15:00,"Viborg FF","Silkeborg IF","1","3",3310,"Fre",1,1,1,1,0,2,0,9.1,5.7,91,24000,0.1,93,0,96272
1882,15,"2016-10-28",20:15:00,"FC Nordsjælland","Viborg FF","4","3",1808,"Fre",1,0,0,2,0,2,0,11.3,9.8,73,30000,0,73,0,96272
1893,16,"2016-11-06",16:00:00,"Viborg FF","Brøndby IF","1","2",4311,"Søn",1,0,0,0,2,1,0,3.4,10.3,93,14000,0.1,93,0,96272
1898,17,"2016-11-20",13:00:00,"Randers FC","Viborg FF","2","1",4857,"Søn",1,0,0,2,2,0,0,5.3,6.2,86,35000,0,88,0,96272
1904,18,"2016-11-26",16:00:00,"Viborg FF","SønderjyskE","2","2",1740,"Lør",1,0,0,2,1,1,1,9.8,9.3,93,35000,0,96,0,96272
1911,19,"2016-11-29",20:00:00,"FC København","Viborg FF","4","0",7368,"Tir",1,0,0,2,0,2,0,5.8,4.1,89,35000,0.2,88,0,96272
1916,20,"2016-12-03",16:00:00,"AC Horsens","Viborg FF","1","2",1044,"Lør",1,0,0,2,1,1,1,3.6,2.6,80,35000,0,80,0,96272
1929,21,"2016-12-12",19:00:00,"Viborg FF","Odense Boldklub","1","1",2710,"Man",1,1,0,2,0,2,1,2.9,1.5,89,35000,0,87,0,96272
1935,22,"2017-02-19",18:00:00,"FC Midtjylland","Viborg FF","0","0",7909,"Søn",1,1,1,2,2,1,1,7.6,5.1,97,12000,0,97,0,96477
1943,23,"2017-02-27",19:00:00,"Viborg FF","AGF","1","1",3112,"Man",1,1,0,1,0,2,1,7.7,4.6,97,20000,1.1,97,0,96477
1944,24,"2017-03-03",18:00:00,"Esbjerg fB","Viborg FF","1","3",4429,"Fre",1,1,0,2,0,1,1,6.1,7.7,95,15000,0.1,95,0,96477
1953,25,"2017-03-11",16:00:00,"Lyngby BK","Viborg FF","1","0",2882,"Lør",1,1,0,2,1,1,1,11.4,2.1,54,30000,0,55,0,96477
1958,26,"2017-03-19",17:00:00,"Viborg FF","Aalborg BK","2","1",5501,"Søn",1,1,0,1,2,1,0,2.8,5.1,92,25000,0.7,90,0,96477
1969,27,"2017-04-02",16:00:00,"Viborg FF","AGF","2","4",5749,"Søn",1,1,0,1,2,1,0,12.2,3.1,77,28000,0,76,0,96682
1974,28,"2017-04-08",16:00:00,"Aalborg BK","Viborg FF","0","1",4121,"Lør",1,1,0,2,1,1,0,10.6,7.2,72,35000,0,74,0,96682
1982,29,"2017-04-17",13:00:00,"Viborg FF","Silkeborg IF","0","0",4260,"Man",1,1,0,1,0,0,0,3.1,1.5,92,24000,1.1,86,1,96682
1986,30,"2017-04-21",18:00:00,"Silkeborg IF","Viborg FF","1","2",3928,"Fre",1,1,0,2,0,1,1,8.7,8.8,95,19000,0,95,0,96682
1996,31,"2017-04-30",13:00:00,"Viborg FF","Aalborg BK","1","1",4067,"Søn",1,1,0,1,2,0,0,11.6,5.7,53,35000,0,53,0,96682
2003,32,"2017-05-07",16:00:00,"AGF","Viborg FF","1","0",15734,"Søn",1,1,0,2,2,1,1,17,4.6,64,35000,0,63,0,96682
2009,33,"2017-05-12",18:00:00,"Viborg FF","AC Horsens","3","0",3020,"Fre",1,1,0,2,0,1,0,14.2,9.3,62,35000,0,62,1,96682
2016,34,"2017-05-16",20:00:00,"AC Horsens","Viborg FF","1","0",1441,"Tir",1,1,0,2,0,2,1,13.8,4.6,96,7000,0,96,0,96682
2026,35,"2017-05-22",19:00:00,"Viborg FF","AGF","2","2",8619,"Man",1,1,0,1,0,2,0,16.6,3.6,54,35000,0,54,0,96682
2031,36,"2017-05-28",18:00:00,"AGF","Viborg FF","1","0",17462,"Søn",1,1,0,2,2,1,1,21.4,9.3,58,35000,0,56,0,96682
2135,1,"2017-07-30",13:45:00,"Thisted FC","Viborg FF","2","1",1625,"Søn",0,1,1,2,2,0,0,21.4,4.1,86,35000,0,90,0,96884
2142,2,"2017-08-06",14:30:00,"Viborg FF","Esbjerg fB","0","2",2643,"Søn",0,1,0,2,2,0,1,15.6,7.2,82,35000,0.2,72,0,96884
2148,3,"2017-08-13",13:45:00,"Nykøbing FC","Viborg FF","4","2",892,"Søn",0,0,0,2,2,0,0,16.6,7.2,67,35000,0,68,0,96884
2155,4,"2017-08-20",14:30:00,"Fremad Amager","Viborg FF","0","6",1016,"Søn",0,0,0,2,2,0,0,17.1,4.6,79,35000,0,85,0,96884
2157,5,"2017-08-23",18:00:00,"Viborg FF","FC Fredericia","2","3",2227,"Ons",0,0,0,2,0,1,1,21.1,1.5,52,35000,0,52,0,96884
2168,6,"2017-08-28",19:00:00,"Vendsyssel FF","Viborg FF","1","2",1226,"Man",0,0,0,2,0,2,1,20.6,3.6,62,35000,0,64,0,96884
2176,8,"2017-09-10",13:45:00,"Viborg FF","Skive IK","3","2",2789,"Søn",0,1,0,2,2,0,0,15.8,6.2,83,18000,0,71,0,96884
2174,7,"2017-09-13",19:00:00,"Viborg FF","Vejle B","2","0",2301,"Ons",0,1,0,2,0,2,1,12.6,5.7,94,35000,0,94,0,96884
2184,9,"2017-09-17",13:45:00,"HB Køge","Viborg FF","3","0",1087,"Søn",0,2,0,2,2,0,0,15.8,3.1,68,35000,0,72,0,96884
2188,10,"2017-09-24",13:45:00,"Viborg FF","FC Roskilde","4","3",2283,"Søn",0,1,0,2,2,0,0,17.2,3.1,86,35000,0,85,0,96884
2193,11,"2017-10-01",13:00:00,"Viborg FF","Brabrand IF","4","0",2504,"Søn",0,2,0,2,2,0,0,16.6,3.1,73,35000,0,71,0,96880
2205,13,"2017-10-15",14:30:00,"Viborg FF","Fremad Amager","0","0",2423,"Søn",0,2,0,2,2,0,0,16.2,4.6,90,17000,0,91,0,96880
2213,14,"2017-10-22",14:30:00,"Vejle B","Viborg FF","3","1",3053,"Søn",0,1,1,2,2,0,1,13.1,3.1,76,30000,0,76,0,96880
2203,12,"2017-10-25",19:00:00,"Esbjerg fB","Viborg FF","0","0",3380,"Ons",0,1,0,2,0,2,1,12.2,6.2,91,35000,0,91,0,96880
2217,15,"2017-10-29",14:30:00,"Viborg FF","Thisted FC","2","2",2427,"Søn",0,1,0,2,2,0,0,10.7,7.7,52,35000,0,48,0,96880
2228,16,"2017-11-06",19:00:00,"FC Fredericia","Viborg FF","2","2",725,"Man",0,1,0,2,0,2,1,9.1,5.1,67,35000,0,67,0,96880
2231,17,"2017-11-12",13:45:00,"Skive IK","Viborg FF","1","3",1393,"Søn",0,1,0,2,2,0,0,7.3,3.1,82,35000,0,82,0,96880
2237,18,"2017-11-19",14:30:00,"Viborg FF","Vendsyssel FF","2","0",2188,"Søn",0,1,0,2,2,0,0,5.4,6.2,63,35000,0,64,0,96880
2244,19,"2017-11-26",14:30:00,"FC Roskilde","Viborg FF","1","0",728,"Søn",0,1,0,2,2,0,0,6.8,4.6,87,17000,0,90,0,96880
2249,20,"2018-03-04",13:45:00,"Viborg FF","Nykøbing FC","3","1",1573,"Søn",0,1,0,2,2,0,0,-1.3,7.2,61,22000,0,62,0,96883
2256,21,"2018-03-11",13:45:00,"Brabrand IF","Viborg FF","0","0",442,"Søn",0,1,0,2,2,0,0,2.7,5.1,96,11000,0,96,0,96883
2260,22,"2018-03-18",13:45:00,"Viborg FF","HB Køge","1","0",1645,"Søn",0,1,0,2,2,0,0,1.5,7.7,49,35000,0,50,0,96883
2271,24,"2018-03-29",13:45:00,"Viborg FF","Skive IK","1","0",2353,"Tor",0,1,0,2,0,0,0,3,8.2,61,35000,0,61,1,96883
2278,25,"2018-04-02",13:45:00,"Viborg FF","FC Roskilde","2","0",2417,"Man",0,1,0,2,0,0,0,7.4,5.1,37,35000,0,39,1,97118
2268,23,"2018-04-11",17:30:00,"Fremad Amager","Viborg FF","3","0",884,"Ons",0,2,0,2,0,1,0,9.8,7.7,61,35000,0,62,0,97118
2290,27,"2018-04-15",13:45:00,"Viborg FF","FC Fredericia","2","0",2332,"Søn",0,1,0,2,2,0,0,10.5,1.5,83,6000,0,83,0,97118
2297,28,"2018-04-20",18:00:00,"Thisted FC","Viborg FF","0","3",798,"Fre",0,2,0,2,0,1,1,25.5,5.7,44,24000,0,44,0,97118
2288,26,"2018-04-24",19:00:00,"Nykøbing FC","Viborg FF","3","3",566,"Tir",0,2,0,2,0,2,0,8.9,9.8,86,21000,0,88,0,97118
2301,29,"2018-04-28",15:30:00,"Viborg FF","Vejle B","0","1",3353,"Lør",0,1,0,2,1,1,1,11.1,3.1,68,35000,0,65,0,97118
2308,30,"2018-05-05",15:30:00,"Vendsyssel FF","Viborg FF","1","3",1376,"Lør",0,1,0,2,1,1,1,17.2,3.6,50,35000,0,49,1,97118
2314,31,"2018-05-12",15:30:00,"Viborg FF","Esbjerg fB","0","0",3651,"Lør",0,1,0,2,1,1,1,18.1,2.1,48,35000,0,53,0,97118
2322,32,"2018-05-16",18:30:00,"HB Køge","Viborg FF","1","1",1231,"Ons",0,1,0,2,0,2,0,20,6.2,57,35000,0,50,0,97118
2326,33,"2018-05-20",13:45:00,"Viborg FF","Brabrand IF","3","3",4011,"Søn",0,1,0,2,2,0,0,21.7,1,41,35000,0,42,1,97118
2326,33,"2018-05-20",13:45:00,"Viborg FF","Brabrand IF","3","3",4011,"Søn",0,1,0,2,2,0,0,21.7,1,41,35000,0,42,1,97118
2336,1,"2018-07-29",13:45:00,"Viborg FF","Nykøbing FC","0","0",2603,"Søn",0,1,1,2,2,0,0,24.9,2.6,45,35000,0,49,0,97061
2338,2,"2018-08-05",13:45:00,"HB Køge","Viborg FF","1","0",1039,"Søn",0,1,0,2,2,0,0,19.6,7.7,69,35000,0,68,0,97061
2347,3,"2018-08-12",13:45:00,"Viborg FF","FC Helsingør","1","1",2036,"Søn",0,1,0,2,2,0,1,14.7,2.1,79,35000,NA,81,0,97061
2352,4,"2018-08-19",14:45:00,"Viborg FF","Fremad Amager","2","0",2094,"Søn",0,1,0,2,2,0,0,19.9,4.6,82,25000,0,78,0,97061
2358,5,"2018-08-22",18:30:00,"Silkeborg IF","Viborg FF","2","3",3022,"Ons",0,1,0,2,0,2,1,24.9,6.2,61,35000,0,60,0,97061
2364,6,"2018-08-26",13:45:00,"Viborg FF","FC Fredericia","2","2",2154,"Søn",0,1,0,2,2,0,0,17.6,6.2,54,35000,0,55,0,97061
2368,7,"2018-09-01",13:30:00,"Lyngby BK","Viborg FF","0","5",1249,"Lør",0,1,0,2,1,0,1,19.1,1.5,67,35000,0,69,0,97061
2376,8,"2018-09-09",13:45:00,"Viborg FF","Næstved BK","2","1",2068,"Søn",0,2,0,2,2,0,1,19.5,5.1,73,35000,0,72,0,97061
2384,9,"2018-09-16",13:45:00,"Viborg FF","FC Roskilde","3","2",2092,"Søn",0,2,0,2,2,0,0,17.9,5.1,78,35000,0,83,0,97061
2386,10,"2018-09-23",13:45:00,"Thisted FC","Viborg FF","3","3",787,"Søn",0,2,0,2,2,0,0,12.9,8.2,67,35000,0,67,0,97061
2394,11,"2018-09-30",14:45:00,"Hvidovre IF","Viborg FF","1","3",745,"Søn",0,2,0,2,2,0,0,13.1,4.1,87,35000,0.7,88,0,97061
2397,12,"2018-10-05",18:00:00,"Viborg FF","HB Køge","3","1",2736,"Fre",0,2,0,2,0,1,0,16.9,5.7,82,24000,0,83,0,97181
2414,14,"2018-10-21",13:45:00,"Viborg FF","Silkeborg IF","1","1",4035,"Søn",0,2,1,1,2,0,1,15.6,5.7,79,29000,0,80,0,97181
2408,13,"2018-10-25",18:30:00,"FC Fredericia","Viborg FF","1","2",976,"Tor",0,2,0,2,0,2,1,10.9,9.8,78,27000,0,81,0,97181
2417,15,"2018-10-28",13:45:00,"FC Roskilde","Viborg FF","3","1",599,"Søn",0,2,0,2,2,0,0,3.8,4.1,76,35000,0,74,0,97181
2426,16,"2018-11-04",13:45:00,"Viborg FF","Lyngby BK","0","1",2118,"Søn",0,1,0,2,2,0,1,10,3.1,81,26000,0,82,0,97181
2432,17,"2018-11-12",18:30:00,"FC Helsingør","Viborg FF","1","3",433,"Man",0,1,0,2,0,2,1,10.8,2.6,92,12000,0,93,0,97181
2438,18,"2018-11-18",16:00:00,"Viborg FF","Thisted FC","2","0",2383,"Søn",0,1,0,2,2,1,1,6.9,4.1,91,11000,0.1,94,0,97181
2443,19,"2018-11-25",13:45:00,"Nykøbing FC","Viborg FF","3","0",715,"Søn",0,1,0,2,2,0,0,2.8,4.1,92,35000,0,91,0,97181
2447,20,"2019-03-03",13:45:00,"Næstved BK","Viborg FF","1","0",2191,"Søn",0,1,0,2,2,0,1,9.3,9.8,68,20000,0,70,1,97113
2455,21,"2019-03-10",13:45:00,"Viborg FF","Hvidovre IF","0","2",2477,"Søn",0,1,0,2,2,0,0,6.3,5.7,62,35000,0,70,0,97113
2457,22,"2019-03-17",13:45:00,"Fremad Amager","Viborg FF","0","1",896,"Søn",0,1,0,2,2,0,0,7.1,11.3,72,30000,0.1,72,0,97113
2466,23,"2019-03-24",13:45:00,"Viborg FF","FC Helsingør","1","1",2195,"Søn",0,1,0,2,2,0,1,8.5,8.2,67,35000,0,59,0,97113
2471,24,"2019-03-31",13:45:00,"Lyngby BK","Viborg FF","1","4",1762,"Søn",0,1,0,2,2,0,0,6.6,8.8,49,NA,0,44,0,97113
2479,25,"2019-04-07",13:45:00,"Viborg FF","Nykøbing FC","2","2",2631,"Søn",0,1,0,2,2,0,1,16.6,3.1,59,17000,0,60,0,97256
2483,26,"2019-04-14",13:45:00,"Thisted FC","Viborg FF","0","4",859,"Søn",0,1,0,2,2,0,0,9.1,6.7,47,55000,0,48,1,97256
2492,27,"2019-04-21",13:45:00,"Viborg FF","Næstved BK","1","1",2853,"Søn",0,2,0,2,2,0,1,19.6,1,27,45000,0,29,1,97256
2492,27,"2019-04-21",13:45:00,"Viborg FF","Næstved BK","1","1",2853,"Søn",0,2,0,2,2,0,1,19.6,1,27,45000,0,29,1,97256
2493,28,"2019-04-27",13:30:00,"HB Køge","Viborg FF","1","0",861,"Lør",0,1,0,2,1,0,1,16.3,2.6,60,40000,0,63,0,97256
2504,29,"2019-05-05",13:45:00,"Viborg FF","FC Roskilde","3","1",2522,"Søn",0,1,0,2,2,0,0,9.6,8.8,54,45000,0,48,1,97256
2510,30,"2019-05-09",18:00:00,"Viborg FF","FC Fredericia","2","1",2907,"Tor",0,1,0,2,0,1,1,12.8,3.1,85,35000,3.3,83,0,97256
2516,31,"2019-05-14",19:00:00,"Silkeborg IF","Viborg FF","2","2",9117,"Tir",0,1,0,2,0,2,1,15.4,2.1,38,60000,0,38,0,97256
2518,32,"2019-05-19",13:45:00,"Hvidovre IF","Viborg FF","0","1",1054,"Søn",0,1,0,2,2,0,0,20.3,5.1,66,45000,0,68,0,97256
2527,33,"2019-05-25",13:45:00,"Viborg FF","Fremad Amager","4","0",4016,"Lør",0,1,0,2,1,0,0,13.3,7.7,71,50000,0,67,0,97256
2529,1,"2019-07-26",18:00:00,"Viborg FF","FC Roskilde","3","0",2379,"Fre",0,2,1,2,0,1,0,30.3,5.7,43,60000,0,45,0,97245
2535,2,"2019-08-03",13:15:00,"Hvidovre IF","Viborg FF","0","1",1026,"Lør",0,2,0,2,1,0,1,22,2.6,61,60000,0,63,0,97245
2544,3,"2019-08-11",15:00:00,"Viborg FF","HB Køge","0","0",3007,"Søn",0,2,0,2,2,1,0,20.1,11.3,63,30000,0,66,0,97245
2550,4,"2019-08-16",19:00:00,"Skive IK","Viborg FF","0","2",2289,"Fre",0,2,0,2,0,2,0,17.2,5.1,69,35000,0,71,0,97245
2553,5,"2019-08-21",18:30:00,"Viborg FF","FC Fredericia","2","2",2645,"Ons",0,2,0,2,0,2,1,18.9,6.2,54,40000,0,51,0,97245
2563,6,"2019-08-25",15:00:00,"Viborg FF","Nykøbing FC","3","0",2567,"Søn",0,2,0,2,2,1,0,28.2,3.1,44,50000,0,46,0,97245
2565,7,"2019-08-29",18:00:00,"Vejle B","Viborg FF","4","1",3004,"Tor",0,2,0,2,0,1,1,18.4,4.1,90,60000,0.6,94,0,97245
2578,9,"2019-09-14",16:00:00,"Fremad Amager","Viborg FF","1","2",1193,"Lør",0,1,0,2,1,1,1,17.1,9.3,57,45000,0,58,0,97245
2575,8,"2019-09-19",20:00:00,"Viborg FF","Vendsyssel FF","1","1",2067,"Tor",0,1,0,2,0,2,1,15.1,1.5,58,60000,0,58,0,97245
2589,11,"2019-09-28",13:15:00,"Viborg FF","Kolding IF","1","2",2080,"Lør",0,1,0,2,1,0,1,12.8,3.6,91,45000,0.8,89,0,97245
2597,12,"2019-10-06",13:45:00,"FC Roskilde","Viborg FF","0","2",645,"Søn",0,1,0,2,2,0,0,9.9,4.1,56,75000,0,57,0,97084
2607,14,"2019-10-18",18:00:00,"Viborg FF","Fremad Amager","5","0",2480,"Fre",0,1,1,2,0,1,0,12.9,3.6,85,30000,0,84,0,97084
2588,10,"2019-10-24",17:15:00,"Næstved BK","Viborg FF","1","3",2281,"Tor",0,1,0,2,0,1,1,13.1,5.1,93,4600,0,93,0,97084
2618,15,"2019-10-27",14:00:00,"Nykøbing FC","Viborg FF","1","2",675,"Søn",0,1,0,2,2,0,0,12,6.7,73,30000,0,75,0,97084
2622,16,"2019-11-02",16:30:00,"HB Køge","Viborg FF","2","1",687,"Lør",0,2,0,2,1,1,1,8.4,5.1,96,16000,0.3,96,0,97084
2626,17,"2019-11-08",18:00:00,"Viborg FF","Næstved BK","2","1",2345,"Fre",0,2,0,2,0,1,0,7.9,0,93,14000,0,94,0,97084
2636,18,"2019-11-23",17:45:00,"Vendsyssel FF","Viborg FF","1","0",835,"Lør",0,2,0,2,1,1,1,7.7,7.2,86,8000,0,88,0,97084
2606,13,"2019-11-28",18:30:00,"Viborg FF","Vejle B","3","4",4084,"Tor",0,1,0,2,0,2,0,8.5,3.1,89,20000,0,91,0,97084
2637,19,"2020-02-28",18:00:00,"Viborg FF","Hvidovre IF","1","1",2468,"Fre",0,1,0,2,0,1,0,7,8.2,73,40000,0,74,0,96921
2645,20,"2020-03-07",14:00:00,"FC Fredericia","Viborg FF","1","3",NA,"Lør",0,1,0,2,1,0,0,2.7,2.1,97,1500,0,97,0,96921
2649,21,"2020-05-29",18:00:00,"Viborg FF","Skive IK","1","1",NA,"Fre",0,1,0,2,0,1,0,17.8,2.1,46,45000,0,47,0,96808
2655,22,"2020-06-05",17:30:00,"Kolding IF","Viborg FF","3","1",NA,"Fre",0,1,0,2,0,1,1,14.5,6.2,47,65000,0,57,1,96808
2666,23,"2020-06-11",18:00:00,"Viborg FF","FC Roskilde","4","2",350,"Tor",0,1,0,2,0,1,0,21.7,6.7,43,55000,0,44,0,96808
2672,24,"2020-06-14",15:00:00,"Hvidovre IF","Viborg FF","1","4",400,"Søn",0,1,0,2,2,1,0,22.8,7.2,49,45000,0,46,0,96808
2674,25,"2020-06-19",19:00:00,"Viborg FF","FC Fredericia","0","2",422,"Fre",0,1,0,2,0,2,1,18.1,6.2,94,8000,2.7,92,0,96808
2682,26,"2020-06-24",18:00:00,"Skive IK","Viborg FF","0","1",250,"Ons",0,1,0,2,0,1,0,NA,NA,NA,NA,NA,NA,NA,NA
2687,27,"2020-06-27",14:00:00,"Viborg FF","HB Køge","4","2",350,"Lør",0,1,0,2,1,0,0,27,4.6,51,50000,0,50,0,96808
2692,28,"2020-06-30",19:00:00,"Næstved BK","Viborg FF","2","2",475,"Tir",0,2,0,2,0,2,1,15.4,9.8,84,16000,0,85,0,96808
2702,29,"2020-07-06",18:30:00,"Viborg FF","Nykøbing FC","4","3",400,"Man",0,1,1,2,0,2,1,12.1,11.8,91,5000,0,84,0,96706
2705,30,"2020-07-10",19:30:00,"Fremad Amager","Viborg FF","2","2",499,"Fre",0,1,1,2,0,2,0,15.2,6.7,55,55000,0,57,0,96706
2710,31,"2020-07-14",19:00:00,"Viborg FF","Vendsyssel FF","4","1",400,"Tir",0,2,1,2,0,2,1,15.2,3.6,96,4500,0,95,0,96706
2719,32,"2020-07-19",13:00:00,"Vejle B","Viborg FF","1","1",450,"Søn",0,2,1,2,2,0,1,18.8,2.1,91,16000,0,94,0,96706
2724,33,"2020-07-25",16:00:00,"Viborg FF","Kolding IF","0","2",400,"Lør",0,1,1,2,1,1,0,19.1,3.1,65,65000,0,64,0,96706
2727,1,"2020-09-10",19:00:00,"Hobro IK","Viborg FF","1","1",1500,"Tor",0,1,0,2,0,2,1,14.9,7.2,59,60000,0,60,0,96706
2736,2,"2020-09-16",18:30:00,"Viborg FF","Kolding IF","4","2",1416,"Ons",0,1,0,2,0,2,0,15.2,8.8,69,28000,0,72,0,96706
2742,3,"2020-09-19",14:00:00,"Viborg FF","Skive IK","3","1",400,"Lør",0,1,0,2,1,0,0,15.8,0.5,83,35000,0,89,0,96706
2749,4,"2020-09-27",13:30:00,"HB Køge","Viborg FF","0","3",460,"Søn",0,1,0,2,2,0,0,18.2,7.2,81,26000,0,83,0,96706
2753,5,"2020-09-30",18:00:00,"Viborg FF","Vendsyssel FF","3","1",400,"Ons",0,1,0,2,0,1,1,15.6,4.6,76,40000,0,75,0,96706
2760,6,"2020-10-03",15:00:00,"Esbjerg fB","Viborg FF","2","2",400,"Lør",0,2,0,2,1,1,0,16,7.7,75,40000,0,77,0,96539
2763,7,"2020-10-16",18:00:00,"Viborg FF","Fremad Amager","3","1",400,"Fre",0,2,1,2,0,1,1,11.8,3.6,73,75000,0,74,0,96539
2774,8,"2020-10-22",18:00:00,"Silkeborg IF","Viborg FF","1","2",500,"Tor",0,2,0,2,0,1,1,13.4,8.8,88,35000,0.2,87,0,96539
2780,9,"2020-10-25",14:00:00,"Hvidovre IF","Viborg FF","1","2",500,"Søn",0,2,0,2,2,0,0,11.8,4.6,91,40000,0,93,0,96539
2781,10,"2020-10-30",18:00:00,"Viborg FF","FC Helsingør","3","0",300,"Fre",0,2,0,2,0,1,0,11.2,3.1,98,2500,0.3,98,0,96539
2788,11,"2020-11-06",18:00:00,"FC Fredericia","Viborg FF","1","1",350,"Fre",0,2,0,2,0,1,0,13.6,4.6,78,30000,0,79,0,96539
2793,12,"2020-11-20",18:00:00,"Viborg FF","Hobro IK","2","1",300,"Fre",0,2,0,2,0,1,0,5.9,4.6,70,50000,0,73,0,96539
2799,13,"2020-11-26",18:30:00,"Viborg FF","Silkeborg IF","1","0",496,"Tor",0,2,0,1,0,2,0,8.5,5.7,84,40000,0,84,0,96539
2808,14,"2020-12-05",14:00:00,"Fremad Amager","Viborg FF","1","1",492,"Lør",0,2,0,2,1,0,0,5.2,3.6,91,7000,0,90,0,96539
2811,15,"2020-12-11",18:00:00,"Viborg FF","HB Køge","1","1",400,"Fre",0,2,0,2,0,1,0,1.9,6.2,91,10000,0,91,0,96539
2819,16,"2020-12-18",19:00:00,"FC Helsingør","Viborg FF","0","1",400,"Fre",0,1,0,2,0,2,1,8,5.1,88,21000,0,89,0,96539
2824,17,"2021-02-12",19:00:00,"Viborg FF","FC Fredericia","4","0",NA,"Fre",0,2,0,2,0,2,1,-4.6,1.5,75,55000,0,78,0,96679
2834,18,"2021-02-21",15:00:00,"Vendsyssel FF","Viborg FF","0","1",NA,"Søn",0,2,1,2,2,1,0,10.7,3.6,71,30000,0,72,0,96679
2836,19,"2021-02-26",18:00:00,"Viborg FF","Hvidovre IF","1","0",NA,"Fre",0,2,0,2,0,1,0,7.4,8.2,79,22000,0,80,0,96679
2842,20,"2021-03-05",19:00:00,"Skive IK","Viborg FF","0","3",NA,"Fre",0,2,0,2,0,2,0,4.5,3.1,47,55000,0,52,0,96679
2848,21,"2021-03-13",13:00:00,"Viborg FF","Esbjerg fB","2","0",NA,"Lør",0,2,0,2,1,0,1,3.2,7.7,93,6000,1.2,90,0,96679
2854,22,"2021-03-19",19:00:00,"Kolding IF","Viborg FF","0","1",NA,"Fre",0,2,0,2,0,2,0,3.6,5.1,54,60000,0,58,0,96679
2860,23,"2021-04-04",13:00:00,"HB Køge","Viborg FF","1","1",NA,"Søn",0,2,0,2,2,0,1,6.9,8.2,84,22000,0,86,1,96669
2860,23,"2021-04-04",13:00:00,"HB Køge","Viborg FF","1","1",NA,"Søn",0,2,0,2,2,0,1,6.9,8.2,84,22000,0,86,1,96669
2867,24,"2021-04-10",13:00:00,"Viborg FF","FC Fredericia","4","1",NA,"Lør",0,2,0,2,1,0,1,6.4,6.2,56,55000,0,45,0,96669
2871,25,"2021-04-16",18:00:00,"Viborg FF","Esbjerg fB","4","0",NA,"Fre",0,2,0,2,0,1,0,9.6,6.2,38,65000,0,36,0,96669
2877,26,"2021-04-23",19:00:00,"Silkeborg IF","Viborg FF","2","0",2171,"Fre",0,2,0,2,0,2,1,8.8,8.2,60,40000,0,60,0,96669
2884,27,"2021-04-30",18:00:00,"Viborg FF","FC Helsingør","0","3",2568,"Fre",0,1,0,2,0,1,0,6.4,2.6,83,16000,0.5,80,1,96669
2894,28,"2021-05-07",19:00:00,"FC Helsingør","Viborg FF","0","3",450,"Fre",0,1,0,2,0,2,0,7.4,2.6,78,19000,0,82,0,96669
2899,29,"2021-05-12",19:00:00,"Viborg FF","Silkeborg IF","3","3",3306,"Ons",0,1,0,1,0,2,1,12.1,3.6,90,40000,0,91,0,96669
2904,30,"2021-05-15",15:00:00,"Esbjerg fB","Viborg FF","0","4",1325,"Lør",0,1,0,2,1,1,0,9.8,6.2,73,65000,0,72,0,96669
2908,31,"2021-05-21",19:00:00,"FC Fredericia","Viborg FF","0","3",609,"Fre",0,1,0,2,0,2,1,12.6,2.6,78,29000,1,70,0,96669
2913,32,"2021-05-26",19:00:00,"Viborg FF","HB Køge","4","0",3024,"Ons",0,1,0,2,0,2,1,9,6.2,91,50000,0,91,0,96669
2964,1,"2021-07-18",14:00:00,"FC Nordsjælland","Viborg FF","1","2",2000,"Søn",1,2,1,2,2,0,1,18,10.3,52,30000,0,50,0,96696
2973,2,"2021-07-25",18:00:00,"Brøndby IF","Viborg FF","1","1",9578,"Søn",1,2,1,2,2,1,1,23.5,8.8,64,35000,0,67,0,96696
2975,3,"2021-07-31",16:00:00,"Viborg FF","FC Midtjylland","0","2",4038,"Lør",1,2,1,0,1,1,1,16.9,2.6,89,28000,0,89,0,96696
2981,4,"2021-08-06",18:30:00,"Silkeborg IF","Viborg FF","4","1",3708,"Fre",1,1,0,2,0,2,1,21,5.7,62,50000,0,66,0,96696
2988,5,"2021-08-13",19:00:00,"Viborg FF","Randers FC","1","2",5085,"Fre",1,1,0,1,0,2,1,20.9,5.7,74,55000,0,73,0,96696
2997,6,"2021-08-22",18:00:00,"Viborg FF","AGF","2","0",5422,"Søn",1,1,0,1,2,1,1,20,3.6,54,45000,0,56,0,96696
3000,7,"2021-08-29",14:00:00,"SønderjyskE","Viborg FF","2","2",3517,"Søn",1,1,0,2,2,0,0,18.6,5.1,74,35000,0,77,0,96696
3007,8,"2021-09-12",14:00:00,"Viborg FF","Aalborg BK","2","3",6014,"Søn",1,1,0,1,2,0,0,19,8.2,63,55000,0,66,0,96696
3012,9,"2021-09-19",14:00:00,"Vejle Boldklub","Viborg FF","1","1",4675,"Søn",1,1,0,2,2,0,0,12.4,4.6,59,65000,0,58,0,96696
3018,10,"2021-09-26",14:00:00,"Viborg FF","Odense Boldklub","1","1",3963,"Søn",1,1,0,2,2,0,0,18.5,4.1,68,40000,0,69,0,96696
3028,11,"2021-10-03",20:00:00,"FC København","Viborg FF","1","1",15197,"Søn",1,1,0,2,2,2,1,13.3,2.6,94,27000,0.2,94,0,96826
3029,12,"2021-10-15",19:00:00,"Viborg FF","Silkeborg IF","1","1",5286,"Fre",1,1,0,1,0,2,1,12,9.8,58,30000,0,61,0,96826
3040,13,"2021-10-25",19:00:00,"Aalborg BK","Viborg FF","2","5",7322,"Man",1,1,0,2,0,2,1,11.3,4.6,90,11000,0.1,90,0,96826
3044,14,"2021-10-31",18:00:00,"Viborg FF","Brøndby IF","0","1",7724,"Søn",1,1,0,0,2,1,1,11.9,3.1,83,35000,0,88,0,96826
3047,15,"2021-11-05",19:00:00,"Viborg FF","FC Nordsjælland","2","2",3899,"Fre",1,1,0,2,0,2,1,10.2,7.2,84,50000,0,77,0,96826
3053,16,"2021-11-19",19:00:00,"Odense Boldklub","Viborg FF","2","3",5873,"Fre",1,1,0,2,0,2,1,12.4,9.8,84,17000,0,83,0,96826
3061,17,"2021-11-28",14:00:00,"Viborg FF","SønderjyskE","1","1",4031,"Søn",1,1,0,2,2,0,1,2.5,1,93,40000,0,93,0,96826
3070,18,"2022-02-21",19:00:00,"Randers FC","Viborg FF","0","1",3673,"Man",1,1,0,2,0,2,1,7.1,7.7,75,35000,0,75,0,96847
3074,19,"2022-02-27",16:00:00,"Viborg FF","FC København","0","2",7025,"Søn",1,1,0,0,2,1,0,6.6,3.6,51,55000,0,57,1,96847
3077,20,"2022-03-04",18:00:00,"FC Midtjylland","Viborg FF","3","1",10262,"Fre",1,1,0,2,0,1,1,5.8,5.1,63,55000,0,66,0,96847
3084,21,"2022-03-13",14:00:00,"Viborg FF","Vejle Boldklub","2","0",4227,"Søn",1,1,0,2,2,0,0,10.1,6.7,30,35000,0,32,0,96847
3090,22,"2022-03-20",14:30:00,"AGF","Viborg FF","1","1",12487,"Søn",1,1,0,2,2,0,0,6.5,7.7,58,29000,0,67,0,96847
3095,23,"2022-04-01",19:00:00,"Viborg FF","SønderjyskE","2","1",3093,"Fre",1,1,0,2,0,2,1,4.7,6.2,38,65000,0,37,0,96868
3106,24,"2022-04-11",19:00:00,"Vejle Boldklub","Viborg FF","2","2",4188,"Man",1,1,0,2,0,2,1,7.6,6.7,42,65000,0,48,0,96868
3108,25,"2022-04-14",14:00:00,"AGF","Viborg FF","0","2",6783,"Tor",1,1,0,2,0,0,1,7.4,2.6,94,4400,0,94,1,96868
3113,26,"2022-04-17",18:00:00,"Viborg FF","Odense Boldklub","1","1",3857,"Søn",1,2,0,2,2,1,1,14.2,2.1,34,50000,0,35,1,96868
3113,26,"2022-04-17",18:00:00,"Viborg FF","Odense Boldklub","1","1",3857,"Søn",1,2,0,2,2,1,1,14.2,2.1,34,50000,0,35,1,96868
3121,27,"2022-04-24",14:00:00,"FC Nordsjælland","Viborg FF","2","0",2193,"Søn",1,1,0,2,2,0,0,11.5,8.8,48,55000,0,50,0,96868
3125,28,"2022-04-29",19:00:00,"Viborg FF","FC Nordsjælland","1","1",4298,"Fre",1,1,0,2,0,2,1,12.3,5.7,44,75000,0,47,0,96868
3136,29,"2022-05-09",19:00:00,"Viborg FF","Vejle Boldklub","2","2",3649,"Man",1,1,0,2,0,2,1,18.6,4.6,30,55000,0,31,0,96868
3141,30,"2022-05-12",18:00:00,"Odense Boldklub","Viborg FF","1","1",6786,"Tor",1,1,0,2,0,1,0,14.1,8.2,48,60000,0,50,0,96868
3147,31,"2022-05-15",20:00:00,"Viborg FF","AGF","1","0",4691,"Søn",1,1,0,1,2,2,0,15.2,3.6,52,55000,0,55,0,96868
3151,32,"2022-05-21",17:00:00,"SønderjyskE","Viborg FF","0","2",2869,"Lør",1,1,0,2,1,1,0,14.1,4.6,67,55000,0,72,0,96868
3156,1,"2022-07-17",14:00:00,"Viborg FF","Aalborg BK","2","1",4681,"Søn",1,1,1,1,2,0,1,18.6,7.7,64,50000,0,60,0,97455
3162,2,"2022-07-24",14:00:00,"AGF","Viborg FF","3","1",10036,"Søn",1,2,1,2,2,0,1,20.5,6.2,68,35000,0.1,67,0,97455
3170,3,"2022-07-31",16:00:00,"Viborg FF","FC København","4","2",6064,"Søn",1,1,1,0,2,1,0,20.9,3.6,64,50000,0,68,0,97455
3175,4,"2022-08-06",16:00:00,"FC Nordsjælland","Viborg FF","1","0",2507,"Lør",1,2,0,2,1,1,0,16.7,7.2,66,50000,0,75,0,97455
3181,5,"2022-08-14",14:00:00,"Viborg FF","Silkeborg IF","2","0",5806,"Søn",1,1,0,1,2,0,1,28.2,5.7,35,55000,0,37,0,97455
3188,6,"2022-08-21",16:00:00,"Randers FC","Viborg FF","1","0",5456,"Søn",1,1,0,2,2,1,0,19,4.1,79,35000,0,82,0,97455
3193,7,"2022-08-28",14:00:00,"Viborg FF","Lyngby BK","2","1",3491,"Søn",1,1,0,2,2,0,1,20.5,2.1,73,60000,0.6,79,0,97455
3198,8,"2022-09-04",14:00:00,"Odense Boldklub","Viborg FF","1","2",12437,"Søn",1,1,0,2,2,0,0,20.4,6.2,46,65000,0,49,0,97455
3208,9,"2022-09-12",19:00:00,"Viborg FF","AC Horsens","2","1",4067,"Man",1,1,0,2,0,2,1,18.1,5.7,69,55000,0,69,0,97455
3213,10,"2022-09-18",16:00:00,"Viborg FF","Brøndby IF","0","0",8632,"Søn",1,2,0,0,2,1,0,11.9,3.6,73,75000,0,76,0,97455
3216,11,"2022-10-02",14:00:00,"FC Midtjylland","Viborg FF","1","1",10284,"Søn",1,1,0,2,2,0,1,14.5,8.8,68,40000,0,65,0,97575
3221,12,"2022-10-07",19:00:00,"Lyngby BK","Viborg FF","1","1",4175,"Fre",1,2,0,2,0,2,1,15.6,10.3,71,30000,0,76,0,97575
3229,13,"2022-10-16",14:00:00,"Viborg FF","Odense Boldklub","0","0",4909,"Søn",1,1,0,2,2,0,0,13.9,10.3,70,24000,0,73,0,97575
3238,14,"2022-10-24",19:00:00,"Aalborg BK","Viborg FF","1","3",6521,"Man",1,1,0,2,0,2,1,15.4,5.1,83,40000,0,84,0,97575
3242,15,"2022-10-30",16:00:00,"Silkeborg IF","Viborg FF","1","2",6062,"Søn",1,1,0,2,2,1,0,14.6,3.6,95,4100,0,95,0,97575
3247,16,"2022-11-06",14:00:00,"Viborg FF","AGF","1","1",7399,"Søn",1,1,0,1,2,0,1,12.6,3.6,84,35000,0,84,0,97575
3254,17,"2022-11-13",16:00:00,"Brøndby IF","Viborg FF","0","2",21020,"Søn",1,1,0,2,2,1,0,11.5,3.1,77,18000,0,80,0,97575
3262,18,"2023-02-20",19:00:00,"Viborg FF","FC Midtjylland","0","4",7218,"Man",1,2,0,0,0,2,1,7.1,11.3,86,24000,0.3,89,0,97731
3264,19,"2023-02-26",14:00:00,"AC Horsens","Viborg FF","0","3",4124,"Søn",1,1,0,2,2,0,0,4.8,6.7,52,50000,0,53,0,97731
3271,20,"2023-03-05",14:00:00,"Viborg FF","Randers FC","2","2",5923,"Søn",1,1,0,1,2,0,1,2.9,3.1,39,50000,0,41,0,97731
3276,21,"2023-03-12",14:00:00,"Viborg FF","FC Nordsjælland","1","1",5934,"Søn",1,1,0,2,2,0,0,3.2,5.1,61,75000,0,60,0,97731
3282,22,"2023-03-19",15:00:00,"FC København","Viborg FF","2","1",32678,"Søn",1,1,0,2,2,1,0,10.3,4.1,91,5000,0,91,0,97731
3290,23,"2023-04-02",16:00:00,"Brøndby IF","Viborg FF","0","3",17803,"Søn",1,1,0,2,2,1,0,7.6,6.7,32,75000,0,32,1,97649
3293,24,"2023-04-09",16:00:00,"Viborg FF","AGF","0","1",7533,"Søn",1,1,0,1,2,1,1,14.5,3.6,44,60000,0,45,1,97649
3293,24,"2023-04-09",16:00:00,"Viborg FF","AGF","0","1",7533,"Søn",1,1,0,1,2,1,1,14.5,3.6,44,60000,0,45,1,97649
3302,25,"2023-04-16",16:00:00,"FC København","Viborg FF","2","1",26947,"Søn",1,1,0,2,2,1,0,11.6,3.6,65,25000,0,65,0,97649
3306,26,"2023-04-23",14:00:00,"Viborg FF","FC Nordsjælland","1","0",5966,"Søn",1,1,0,2,2,0,1,12.6,5.1,58,25000,0,58,0,97649
3312,27,"2023-04-30",14:00:00,"Viborg FF","Randers FC","3","1",6542,"Søn",1,1,0,1,2,0,1,9,5.1,50,75000,0,52,0,97649
3321,28,"2023-05-07",18:00:00,"AGF","Viborg FF","3","0",15620,"Søn",1,1,0,2,2,1,1,14.2,7.2,47,60000,0,48,0,97649
3328,29,"2023-05-15",19:00:00,"Randers FC","Viborg FF","0","2",8738,"Man",1,1,0,2,0,2,1,18.2,6.2,65,30000,0,63,0,97649
3332,30,"2023-05-21",16:05:00,"Viborg FF","Brøndby IF","1","1",9342,"Søn",1,1,0,0,2,1,1,21.2,4.6,48,50000,0,48,0,97649
3338,31,"2023-05-29",16:00:00,"Viborg FF","FC København","1","2",9523,"Man",1,1,0,0,0,1,0,14.8,6.2,38,50000,0,40,1,97649
3344,32,"2023-06-04",17:00:00,"FC Nordsjælland","Viborg FF","0","0",9078,"Søn",1,1,0,2,2,1,1,15.7,2.1,63,40000,0,65,0,97649
3352,1,"2023-07-24",19:00:00,"FC Nordsjælland","Viborg FF","4","1",4143,"Man",1,1,1,2,0,2,1,19,6.7,73,50000,0,76,0,97564
3353,2,"2023-07-28",19:00:00,"Viborg FF","Lyngby BK","2","2",4485,"Fre",1,1,1,2,0,2,1,21.2,1.5,45,75000,0,48,0,97564
3364,3,"2023-08-07",19:00:00,"Odense Boldklub","Viborg FF","1","2",10105,"Man",1,1,0,2,0,2,1,15.6,10.8,78,18000,0,82,0,97564
3370,4,"2023-08-14",19:00:00,"Viborg FF","Helsingør IF","0","0",6141,"Man",1,1,0,2,0,2,1,21.6,3.6,59,75000,0,59,0,97564
3376,5,"2023-08-21",19:00:00,"Viborg FF","Vejle Boldklub","2","1",6010,"Man",1,1,0,2,0,2,1,21.2,5.1,63,75000,0,60,0,97564
3377,6,"2023-08-25",18:30:00,"Randers FC","Viborg FF","1","0",5583,"Fre",1,1,0,2,0,2,1,19.6,4.6,75,55000,0,76,0,97564
3387,7,"2023-09-03",18:00:00,"FC København","Viborg FF","2","0",23245,"Søn",1,1,0,2,2,1,1,19.5,5.7,70,55000,0,70,0,97564
3389,8,"2023-09-15",19:00:00,"Viborg FF","FC Midtjylland","2","2",8663,"Fre",1,1,0,0,0,2,1,18.9,4.6,51,45000,0,52,0,97564
3397,9,"2023-09-24",14:00:00,"Silkeborg IF","Viborg FF","2","0",6125,"Søn",1,1,0,2,2,0,0,17.2,5.7,65,75000,0,66,0,97564
3405,10,"2023-10-01",18:00:00,"Viborg FF","AGF","2","1",7244,"Søn",1,1,0,1,2,1,1,15.1,2.1,84,40000,0,84,0,97490
3410,11,"2023-10-08",16:00:00,"Brøndby IF","Viborg FF","1","0",21851,"Søn",1,1,0,2,2,1,0,11.9,1.5,39,75000,0,42,0,97490
3416,12,"2023-10-22",16:00:00,"Viborg FF","FC Nordsjælland","0","2",5354,"Søn",1,1,1,2,2,1,0,11.7,3.1,88,22000,0,88,0,97490
3421,13,"2023-10-29",14:00:00,"Vejle Boldklub","Viborg FF","1","1",6516,"Søn",1,1,0,2,2,0,1,10.2,2.6,98,9000,0.6,97,0,97490
3427,14,"2023-11-05",14:00:00,"Viborg FF","Silkeborg IF","2","1",5650,"Søn",1,1,0,1,2,0,1,9.6,2.6,94,22000,0,96,0,NA
3436,15,"2023-11-12",20:00:00,"AGF","Viborg FF","2","0",8856,"Søn",1,1,0,2,2,2,1,7.7,0.5,92,15000,0,96,0,NA
3438,16,"2023-11-25",19:00:00,"Viborg FF","FC København","2","1",6661,"Lør",1,1,0,0,1,2,0,3.5,4.1,72,45000,0,70,0,NA
3448,17,"2023-12-04",19:00:00,"FC Midtjylland","Viborg FF","5","1",10468,"Man",1,1,0,2,0,2,1,-0.8,4.1,90,16000,0,91,0,NA
3449,18,"2024-02-16",19:00:00,"Viborg FF","Odense Boldklub","",NA,NA,"Fre",1,1,1,2,0,2,1,NA,NA,NA,NA,NA,NA,NA,NA
3456,19,"2024-02-25",14:00:00,"Helsingør IF","Viborg FF","",NA,NA,"Søn",1,0,0,2,2,0,1,NA,NA,NA,NA,NA,NA,NA,NA
3463,20,"2024-03-03",14:00:00,"Viborg FF","Randers FC","",NA,NA,"Søn",1,0,0,1,2,0,0,NA,NA,NA,NA,NA,NA,NA,NA
3471,21,"2024-03-10",18:00:00,"Viborg FF","Brøndby IF","",NA,NA,"Søn",1,0,0,0,2,1,1,NA,NA,NA,NA,NA,NA,NA,NA
3477,22,"2024-03-17",17:00:00,"Lyngby BK","Viborg FF","",NA,NA,"Søn",1,0,0,2,2,1,0,NA,NA,NA,NA,NA,NA,NA,NA
